Harmonic: 1.0 , Bp: 8.038292 [Tm]
ion            fre[Hz]                       yield [pps]    m/q [u]        m [eV]         
------------------------------------------------------------------------------------------
3H1+           1795739.3956593564            7.7441e-04     3.015500716405 2808920831.263 
6He2+          1798201.0925064541            2.2393e-05     3.008894406961 5605534187.276 
9Li3+          1798392.1952067837            8.0418e-08     3.008381556008 8406868128.153 
12Be4+         1799211.7941335917            2.5029e-09     3.006182047105 11200962186.800
15B5+          1799402.9818194972            3.3686e-11     3.005668968081 13998813083.334
18C6+          1800058.3264628195            3.2469e-12     3.003910258632 16788746336.177
26F9+          1842292.7697565616            2.1064e-13     2.890568194621 24232922428.753
23O8+          1847567.1033631873            1.1090e-11     2.876413779157 21434897467.341
20N7+          1853708.4212694338            1.6321e-10     2.859932689483 18648071030.646
17C6+          1862422.1979011099            1.5618e-09     2.836548045298 15853364948.587
34Mg12+        1863546.8582405697            1.5583e-13     2.833529861223 31672992852.804
31Na11+        1869024.8804019170            5.6345e-13     2.818828818897 28882943521.443
14B5+          1874352.1413475077            5.2362e-08     2.804532365481 13062025388.509
28Ne10+        1875793.2780521919            7.5103e-12     2.800664872603 26088025312.824
39Si14+        1881502.1776576601            2.6456e-13     2.785344238210 36323440331.268
25F9+          1884022.1678435882            1.7635e-10     2.778581490398 23294087938.870
36Al13+        1887527.6194877664            1.7465e-12     2.769174118271 33533098072.423
11Be4+         1892858.9302493648            2.8239e-06     2.754866796605 10264567592.691
22O8+          1894412.5605300013            4.0956e-09     2.750697411407 20498065126.940
33Mg12+        1894711.2280514971            2.6820e-11     2.749895895140 30738138399.262
44S16+         1895106.7056377977            1.7492e-13     2.748834575458 40968366725.665
205Ir75+       1901115.5365603387            1.5085e-12     2.732709033224 190912655585.958
41P15+         1901219.8779869841            2.2633e-12     2.732429018342 38178618634.444
202Os74+       1902496.2437266062            1.2816e-08     2.729003711505 188111743624.609
30Na11+        1903037.3181460653            1.8029e-10     2.727551662261 27947678157.952
207Au76+       1904737.2343896150            5.2098e-10     2.722989698123 192770091481.584
49Ar18+        1905606.4633983958            3.0551e-13     2.720656999920 45616962199.344
19N7+          1907278.7694983166            6.3193e-08     2.716169131483 17710666786.462
182Tm67+       1907577.1180856151            2.3797e-13     2.715368471121 169466412807.182
38Si14+        1908303.9362265766            2.5901e-11     2.713417952496 35385455678.760
171Tb63+       1908461.6738634789            2.6867e-13     2.712994641379 159209708913.162
57Sc21+        1908591.8694082845            1.6834e-13     2.712645243338 53063068265.271
179Er66+       1909208.8872316065            1.7185e-12     2.710989389296 166667843524.261
160Pm59+       1909444.7534180093            2.8653e-13     2.710356409237 148956163618.694
206Au76+       1909658.9216646762            1.2623e-10     2.709781658649 191835047555.641
187Lu69+       1909887.5229534952            6.3851e-12     2.709168174964 174126599527.871
168Gd62+       1910211.6275868937            9.0427e-13     2.708298394632 156411350084.391
149La55+       1910557.7157025521            1.9795e-13     2.707369618536 138704420892.162
176Dy65+       1910847.0923535596            3.8047e-13     2.706593035626 163876386657.889
176Ho65+       1910882.9924735983            5.5136e-12     2.706496692608 163870553366.605
203Os75+       1911060.8042768086            1.1152e-11     2.706019509645 189048070750.612
157Nd58+       1911326.9551244397            7.5499e-13     2.705305256442 146158586004.461
184Yb68+       1911506.6973418493            5.2767e-11     2.704822892942 171327788540.004
46Cl17+        1911639.2357589260            2.9001e-12     2.704467207473 42826314714.030
165Sm61+       1911959.5009819535            2.9775e-13     2.703607730739 153622057531.045
165Eu61+       1912007.1473029198            2.5165e-12     2.703479865140 153614792062.731
192Ta71+       1912062.4110385135            6.7927e-12     2.703331557139 178787736350.949
192W71+        1912099.1984739988            4.0474e-11     2.703232832886 178781207116.427
173Tb64+       1912570.3944737054            1.1448e-12     2.701968312201 161079505742.088
146Ba54+       1912607.6997224474            3.7757e-13     2.701868198324 135905797174.149
173Dy64+       1912615.9096200867            1.2220e-11     2.701846165909 161072223915.642
208Pb77+       1913135.7892338443            1.0000e+00     2.700450995904 193689950776.636
181Tm67+       1913162.3134644171            1.4928e-10     2.700379814404 168530969270.312
154Ce57+       1913219.6555143741            3.1722e-13     2.700225928954 143368922687.535
27Ne10+        1913226.0598188417            2.8201e-09     2.700208742103 25152282482.274
154Pr57+       1913259.5194382635            1.3283e-12     2.700118948512 143363242544.048
189Hf70+       1913661.9348402391            1.7916e-10     2.699039010228 175989705500.055
189Ta70+       1913689.4723063824            4.0390e-10     2.698965109567 175984886838.521
162Pm60+       1913813.7579704744            8.3462e-13     2.698631571521 150825547397.362
162Sm60+       1913869.6547117066            5.4717e-12     2.698481564761 150817163573.496
54Ca20+        1914011.1425039028            4.8245e-13     2.698101862386 50265314048.144
197W73+        1914098.2346000914            2.4703e-12     2.697868138507 183452503271.103
197Re73+       1914128.6425295728            1.9860e-13     2.697786534554 183446954278.888
135Te50+       1914129.2663691416            2.0898e-13     2.697784860393 125648520847.602
197Os73+       1914154.6154589707            3.4375e-13     2.697716832548 183442214607.838
170Gd63+       1914357.5471549188            2.6501e-12     2.697172236823 158281184991.559
170Tb63+       1914395.0732518651            2.2542e-11     2.697071530268 158275275115.791
205Ir76+       1914516.2488094496            1.7716e-08     2.696746338630 190912231052.030
205Pt76+       1914554.6495889870            2.1867e-07     2.696643284741 190904935502.018
205Au76+       1914584.9775144609            5.9304e-04     2.696561895491 190899173668.542
143Xe53+       1914664.5140745167            2.3416e-13     2.696348447955 133116517591.175
143Cs53+       1914721.1745223491            6.7710e-13     2.696196391680 133109010697.264
178Ho66+       1914830.4953146917            2.0644e-11     2.695903013970 165740354227.531
178Er66+       1914880.1069613060            2.2106e-10     2.695769874145 165732168976.879
151La56+       1915218.5750094822            6.5148e-13     2.694861547571 140573852641.086
151Ce56+       1915275.3889470699            2.3456e-12     2.694709079385 140565899341.848
186Lu69+       1915302.7171984643            1.0046e-09     2.694635740181 173192555094.993
62V23+         1915566.4588676535            1.9097e-13     2.693927952347 57715687795.512
194Ta72+       1915671.6697343735            2.9839e-10     2.693645604200 180656260173.682
194W72+        1915712.4870894123            9.2266e-11     2.693536065092 180648913652.054
194Re72+       1915728.3799347088            9.4030e-11     2.693493414408 180646053174.407
159Nd59+       1915738.6941822174            1.8867e-12     2.693465734675 148027883457.788
159Pm59+       1915785.2983667539            9.0261e-12     2.693340665797 148021009904.073
202Os75+       1916057.2359859101            1.2816e-08     2.692610882979 188111316601.681
202Pt75+       1916111.8873196542            2.1070e-12     2.692464218444 188101070316.610
167Sm62+       1916138.4357154341            1.6160e-13     2.692392972093 155492770131.045
167Eu62+       1916193.1889273971            5.5381e-12     2.692246034154 155484284078.890
167Gd62+       1916238.7014790105            3.7343e-11     2.692123894826 155477230211.677
35Al13+        1916381.3114076443            2.7495e-10     2.691741181040 32595429956.481
132Sn49+       1916413.4940236872            1.8792e-13     2.691654814468 122855755480.983
175Dy65+       1916599.0320258783            3.1163e-11     2.691156897164 162941773082.175
175Ho65+       1916639.7935100507            2.6808e-10     2.691047507993 162935149883.977
140I52+        1916862.7662420352            4.4575e-13     2.690449129331 130319135828.182
140Xe52+       1916935.1805916678            1.1015e-12     2.690254795247 130309722734.430
183Yb68+       1917000.6390645411            2.0928e-09     2.690079128236 170393895009.154
148Ba55+       1917313.0467042127            1.2400e-12     2.689240738430 137775639022.380
191Ta71+       1917329.9612492749            2.5947e-08     2.689195345872 177852822834.167
148La55+       1917350.8749189992            3.7227e-12     2.689139221100 137770438069.229
191W71+        1917356.2521172378            1.1135e-09     2.689124790633 177848156587.649
199Re74+       1917614.2945297312            2.8351e-11     2.688432297555 185315133496.370
199Os74+       1917644.6303263705            1.3717e-09     2.688350887181 185309521834.044
199Ir74+       1917667.0061285319            3.0680e-09     2.688290838571 185305382649.981
156Ce58+       1917670.4996655516            1.6995e-13     2.688281463174 145238847447.561
156Pr58+       1917716.4966358938            3.4285e-12     2.688158023840 145232178433.598
156Nd58+       1917777.1529496678            1.4574e-11     2.687995244097 145223383989.082
207Au77+       1917917.2069141546            5.2098e-10     2.687619389601 192769603324.656
207Hg77+       1917947.6463593044            8.3828e-09     2.687537701072 192763744211.803
207Tl77+       1917971.3360787467            1.2726e-03     2.687474126381 192759184314.638
207Pb77+       1917978.7704007388            1.0000e+00     2.687454175333 192757753324.969
164Pm61+       1918034.0947747941            3.8366e-13     2.687305704600 152695757917.083
164Sm61+       1918097.1137970835            1.0383e-11     2.687136584198 152686148303.995
164Eu61+       1918132.2201912992            5.7336e-11     2.687042371255 152680795017.747
121Pd45+       1918235.9521124850            1.6259e-13     2.686763992066 112621704489.248
172Gd64+       1918370.2772372314            1.2493e-12     2.686403511717 160151600570.997
172Tb64+       1918412.5866538656            4.2416e-11     2.686289968451 160144831619.264
172Dy64+       1918463.3477058797            1.7378e-10     2.686153744034 160136710516.722
43S16+         1918470.7515528570            2.3628e-11     2.686133874771 40033881499.579
180Er67+       1918710.0945342816            5.1112e-10     2.685491564244 167601792116.462
180Tm67+       1918740.2286903160            2.6448e-09     2.685410695001 167596745059.092
129In48+       1918772.0675214203            3.4050e-13     2.685325251023 120065489546.546
188Lu70+       1918965.8044252472            7.2233e-09     2.684805330815 175061604409.813
188Hf70+       1919006.2209576259            9.2743e-09     2.684696867371 175054532096.446
188Ta70+       1919023.8784546135            3.9020e-09     2.684649480996 175051442287.780
137Te51+       1919165.2179219953            7.6329e-13     2.684270176672 127519460076.256
137I51+        1919220.7835203810            1.5581e-12     2.684121058580 127512376043.221
196W73+        1919223.9338378869            2.6514e-09     2.684112604260 182517139842.718
196Re73+       1919244.1480905239            4.5988e-08     2.684058356472 182513451044.025
196Os73+       1919276.6330234788            5.3648e-08     2.683971178589 182507523029.748
145Xe54+       1919408.6404350558            1.5154e-13     2.683616918149 134987745441.220
204Ir76+       1919440.1473383834            1.7716e-08     2.683532364946 189976767022.292
145Cs54+       1919472.3105925736            1.9817e-12     2.683446050333 134979150674.567
204Pt76+       1919482.9166926444            2.4397e-09     2.683417587373 189968641511.124
204Au76+       1919497.5599149291            8.8928e-08     2.683378290228 189965859526.962
145Ba54+       1919527.8515666875            5.3737e-12     2.683296998324 134971653257.711
153La57+       1919713.4934276063            3.3335e-13     2.682798802301 142443626642.072
153Ce57+       1919775.8712534080            5.4489e-12     2.682631402639 142434738530.556
153Pr57+       1919822.8847608673            1.9783e-11     2.682505235284 142428039654.927
51K19+         1919865.5656102051            3.5150e-12     2.682390695227 47473986044.156
161Nd60+       1919998.5424857931            7.2428e-13     2.682033833093 149897905769.532
161Pm60+       1920051.2063778976            1.6158e-11     2.681892502138 149890006833.283
161Sm60+       1920095.4116750185            7.4940e-11     2.681773871011 149883376582.273
169Eu63+       1920239.0273783016            1.9775e-12     2.681388458088 157354927792.346
169Gd63+       1920291.5853344142            5.2375e-11     2.681247411426 157346650592.836
169Tb63+       1920333.7485816346            3.1748e-10     2.681134260427 157340010425.769
110Mo41+       1920499.0388180837            1.4564e-13     2.680690680848 102378938940.499
177Ho66+       1920501.5287303180            4.5290e-10     2.680683998819 164804710419.450
177Er66+       1920541.7343391599            2.4740e-09     2.680576101417 164798077037.806
185Yb69+       1920692.1064223743            8.6757e-09     2.680172556799 172262961663.348
185Lu69+       1920724.2299207093            6.1531e-08     2.680086348877 172257420814.132
59Ti22+        1920753.4733240074            9.8829e-13     2.680007870095 54921047656.418
193Ta72+       1920867.5034596107            1.6835e-08     2.679701854200 179721086770.073
118Rh44+       1920872.3206475934            2.8921e-13     2.679688926600 109829023178.915
193W72+        1920897.7681925411            1.9908e-07     2.679620634536 179715639564.715
193Re72+       1920920.2803628382            1.4009e-07     2.679560219964 179711587706.239
201Os75+       1921037.9278820804            9.9440e-09     2.679244496312 187177513425.749
201Ir75+       1921064.9892887236            5.9607e-07     2.679171873224 187172439827.945
201Pt75+       1921085.8554886978            2.1281e-06     2.679115875844 187168527736.169
126Cd47+       1921257.6659368561            5.9916e-13     2.678654798361 117272091308.559
134Sn50+       1921490.9928411972            1.5518e-13     2.678028632823 124728380473.098
67Mn25+        1921497.6483376941            2.3582e-13     2.678010771862 62363774302.117
134Sb50+       1921551.9069792945            1.2661e-12     2.677865161172 124720766830.014
134Te50+       1921620.2721559342            2.1739e-12     2.677681693613 124712221883.462
142I53+        1921654.2325922572            2.8423e-13     2.677590556010 132190455807.524
142Xe53+       1921733.1747926956            3.0518e-12     2.677378703521 132179996823.409
142Cs53+       1921773.3227304039            6.9597e-12     2.677270960888 132174677657.736
150Ba56+       1921847.9537455519            6.0592e-13     2.677070678070 139645815699.912
150La56+       1921894.0851632669            8.3626e-12     2.676946877928 139639357830.858
150Ce56+       1921955.3351590962            2.5173e-11     2.676782504956 139630783534.376
158Pr59+       1922016.3546658298            1.2782e-12     2.676618750534 147102004441.421
158Nd59+       1922082.2997469839            2.3730e-11     2.676441777641 147092278339.311
158Pm59+       1922118.3313720517            9.4329e-11     2.676345081712 147086964110.282
166Sm62+       1922181.6048115720            3.1392e-12     2.676175278545 154556155706.214
166Eu62+       1922222.5407314375            7.0894e-11     2.676065421251 154549811158.771
166Gd62+       1922272.0295799777            3.5430e-10     2.675932610971 154542141016.057
174Tb65+       1922302.1652925911            1.3955e-11     2.675851737551 162015089897.227
174Dy65+       1922358.8542166916            3.9205e-10     2.675699604856 162005878702.208
174Ho65+       1922388.3508653422            2.1412e-09     2.675620446454 162001085889.725
182Tm68+       1922459.4701740441            6.7426e-09     2.675429587795 169465969793.254
182Yb68+       1922503.4087864223            4.5127e-08     2.675311672353 169458500841.466
190Hf71+       1922568.1912513871            3.1545e-08     2.675137819504 176923113227.795
190Ta71+       1922590.6414565928            2.9582e-07     2.675077571224 176919128643.033
190W71+        1922622.5241504754            1.5929e-07     2.674992009534 176913469928.779
198Re74+       1922662.0312263411            9.6956e-08     2.674885986744 184381378758.126
198Os74+       1922698.1477947747            2.7192e-06     2.674789062857 184374697740.686
198Ir74+       1922709.6121232919            4.5046e-06     2.674758296720 184372577013.771
206Pt77+       1922748.8556307640            2.8262e-12     2.674652981253 191839587190.841
206Au77+       1922774.9761726561            2.0516e-11     2.674582883108 191834559398.713
206Hg77+       1922810.1347500368            1.7373e-04     2.674488530124 191827791927.375
206Tl77+       1922816.9949079517            1.2726e-03     2.674470119926 191826471455.230
206Pb77+       1922825.0250187973            1.0000e+00     2.674448569995 191824925785.609
8Li3+          1923136.1681507274            6.2692e-05     2.673613573674 7471365025.036 
115Ru43+       1923654.6966986270            4.5165e-13     2.672222029444 107033828109.378
123Pd46+       1923753.3202858428            1.7927e-13     2.671957359188 114489963706.307
123Ag46+       1923833.0003460073            9.6104e-13     2.671743526549 114480801250.540
131In49+       1923948.3538117178            2.7510e-13     2.671433959312 121932810821.352
139Te52+       1924002.2890927612            4.9277e-13     2.671289216406 129391073941.509
131Sn49+       1924024.0119902887            2.0316e-12     2.671230919957 121923543454.229
147Cs55+       1924046.9374669089            9.8318e-13     2.671169396219 136849804943.791
139I52+        1924066.1162949384            4.5538e-12     2.671117927139 129382777085.415
147Ba55+       1924107.8809925814            1.1644e-11     2.671005845703 136841425895.938
155Ce58+       1924115.5403429233            2.1126e-12     2.670985290760 144304393157.322
139Xe52+       1924121.5552826959            8.7796e-12     2.670969148824 129375570607.804
147La55+       1924154.8047216844            2.9554e-11     2.670879919282 136834974412.089
155Pr58+       1924168.4740239338            3.2948e-11     2.670843235788 144296718402.764
163Pm61+       1924172.9174768652            4.9060e-12     2.670831311158 151759664197.400
171Gd64+       1924212.8420455386            1.4756e-11     2.670724167967 159216866832.557
155Nd58+       1924216.1336654292            1.1076e-10     2.670715334442 144289808321.246
163Sm61+       1924223.3097561544            9.5486e-11     2.670696076394 151751980004.770
171Tb64+       1924260.4031901206            3.5857e-10     2.670596530951 159209257673.234
163Eu61+       1924262.7927412614            4.0263e-10     2.670590118255 151745959343.124
179Er67+       1924289.0219739533            4.3520e-09     2.670519728423 166667398373.333
171Dy64+       1924299.7292158722            1.9253e-09     2.670490994034 159202966024.913
187Lu70+       1924311.6342878144            9.1355e-08     2.670459045101 174126160872.943
179Tm67+       1924324.1170897959            2.9160e-08     2.670425545747 166661520423.313
203Os76+       1924330.6622194911            2.9272e-10     2.670407980972 189047645365.684
195W73+        1924339.3883538865            2.2312e-07     2.670384563164 181583645922.795
187Hf70+       1924341.8833950383            2.4024e-07     2.670377867371 174120867713.121
187Ta70+       1924364.1987438637            1.0985e-07     2.670317980996 174116962847.203
195Re73+       1924366.1823007911            3.6766e-06     2.670312657842 181578756428.333
203Ir76+       1924368.4144420405            3.1587e-07     2.670306667577 189040473031.399
195Os73+       1924387.8929767259            3.5559e-06     2.670254394192 181574794554.775
203Pt76+       1924395.8668182576            3.6397e-05     2.670232995268 189035257507.494
203Au76+       1924415.0527110591            1.7142e-04     2.670181507228 189031612486.686
16C6+          1925016.1122575433            6.3866e-07     2.668568479465 14914533200.091
24F9+          1925593.7379954404            3.3464e-08     2.667018339621 22358804286.425
32Mg12+        1925956.6485522622            1.8009e-09     2.666044418140 29800852624.348
208Tl78+       1926013.4048653992            1.1304e-03     2.665892104597 193694475484.456
200Os75+       1926026.0922146926            8.4532e-07     2.665858056312 186242309282.838
208Pb78+       1926039.1083352454            1.0000e+00     2.665823125723 193689463718.708
200Ir75+       1926042.5908554611            3.5649e-05     2.665813779891 186239216041.283
192Ta72+       1926055.6206769696            2.5487e-07     2.665778812534 178787302224.021
200Pt75+       1926069.4772159057            8.4286e-05     2.665741626564 186234175261.950
200Au75+       1926072.9597967481            2.8057e-10     2.665732280569 186233522331.570
192W72+        1926092.2149130087            2.8577e-06     2.665680606759 178780715801.499
192Re72+       1926103.2118384840            1.9752e-06     2.665651094964 178778736517.178
184Yb69+       1926116.4003547020            5.8294e-08     2.665615701727 171327347663.076
176Dy66+       1926130.9095157762            1.0525e-10     2.665576764354 163875938731.961
184Lu69+       1926138.2036734866            1.3684e-07     2.665557189457 171323586898.898
40P15+         1926146.0126109978            1.9148e-10     2.665536233076 37243965210.348
176Ho66+       1926166.2613427306            2.7848e-09     2.665481892758 163870106158.677
168Eu63+       1926176.5552499676            1.7121e-11     2.665454267612 156419843812.161
176Er66+       1926210.4811729747            1.7927e-08     2.665363222629 163862810484.797
168Gd63+       1926233.3658987423            3.6904e-10     2.665301808252 156410896868.463
160Nd60+       1926238.9760483545            7.1359e-12     2.665286752627 148961917468.888
168Tb63+       1926263.0900258406            1.8916e-09     2.665222039379 156406215702.214
152La57+       1926273.5008214696            3.2452e-12     2.665194100546 141508902218.572
160Pm60+       1926280.3973580033            1.2087e-10     2.665175592721 148955704781.766
160Sm60+       1926329.6236020392            4.3992e-10     2.665043487177 148948321450.457
152Ce57+       1926341.7753242645            4.2186e-11     2.665010876323 141499173899.466
144Xe54+       1926349.0091159055            1.5347e-12     2.664991463426 134050872475.571
152Pr57+       1926375.5874074923            1.2126e-10     2.664920136846 141494356072.579
144Cs54+       1926396.6629566064            1.6159e-11     2.664863577648 134044439734.442
56Sc21+        1926414.8580254975            3.9151e-12     2.664814748623 52127438067.250
48Ar18+        1926425.6948108422            2.4926e-11     2.664785666587 44680173585.135
136Sb51+       1926433.7938291084            8.0310e-13     2.664763931733 126592792617.702
120Rh45+       1926449.1499127315            3.2812e-13     2.664722721525 111697795480.181
144Ba54+       1926459.8638819265            3.5145e-11     2.664693969083 134035908308.943
128Cd48+       1926488.2951413509            4.9866e-13     2.664617669803 119139618136.496
64Cr24+        1926489.4338966871            1.0345e-12     2.664614613793 59569740748.529
136Te51+       1926511.8242244658            6.5614e-12     2.664554526201 126582844557.851
72Co27+        1926525.7249763308            3.0214e-13     2.664517221580 67013508895.028
128In48+       1926546.4484091185            3.0231e-12     2.664461607336 119132640316.416
112Tc42+       1926549.8984407389            2.0876e-13     2.664452348691 104240698053.240
136I51+        1926552.2312440719            1.0721e-11     2.664446088286 126577693085.177
120Pd45+       1926553.0007366173            1.3869e-12     2.664444023244 111686113220.223
205Ir77+       1927568.8820487908            1.7716e-08     2.661717762976 190911808166.102
205Pt77+       1927606.7797477164            2.8262e-12     2.661616059175 190904513457.090
205Po77+       1927631.9457880512            4.2034e-04     2.661548522569 190899669391.450
205Au77+       1927637.0572711451            5.9304e-04     2.661534805186 190898685511.614
205Bi77+       1927650.2944128816            5.9304e-04     2.661499281455 190896137570.714
205Hg77+       1927656.4332849840            5.7927e-03     2.661482806929 190894955934.707
205Pb77+       1927664.2718902964            1.0000e+00     2.661461770930 190893447126.878
205Tl77+       1927664.4650632225            1.2726e-03     2.661461252524 190893409944.138
197W74+        1927685.7172579279            1.2227e-08     2.661404219273 183452073028.175
197Re74+       1927715.7098312415            1.3497e-06     2.661323729987 183446524856.960
197Os74+       1927741.6596938798            3.0239e-05     2.661254089884 183441724525.910
197Ir74+       1927758.9339145774            3.6287e-05     2.661207732085 183438529057.050
189Hf71+       1927829.7164323907            2.0899e-07     2.661017777251 175989269066.127
189Ta71+       1927857.1787485883            1.6745e-06     2.660944078266 175984394904.593
189W71+        1927878.9246028143            9.2770e-07     2.660885720210 175980535331.882
181Tm68+       1927962.5303266868            3.2935e-08     2.660661352501 168530526256.384
181Yb68+       1927996.1065886822            6.7719e-08     2.660571245883 168524818759.755
173Tb65+       1928062.8473945130            8.4027e-11     2.660392137551 161079055793.160
173Dy65+       1928107.6580798342            2.0148e-09     2.660271881779 161071774653.714
173Ho65+       1928142.5148410616            1.2206e-08     2.660178338762 161066110894.338
165Sm62+       1928211.4794970441            2.2349e-11     2.659993262416 153621601746.117
165Eu62+       1928258.3530060279            4.2019e-10     2.659867470767 153614336947.803
165Gd62+       1928296.0644190991            1.9763e-09     2.659766266890 153608492157.942
157Pr59+       1928361.1377039624            1.0075e-11     2.659591633585 146166225659.860
157Nd59+       1928416.0595982196            1.4437e-10     2.659444242963 146158125344.533
157Pm59+       1928455.6981626991            4.5907e-10     2.659337867305 146152279135.553
149Ba56+       1928523.0353769676            4.6731e-12     2.659157158427 138711380877.898
149La56+       1928576.0813158497            5.4273e-11     2.659014802196 138703955055.234
149Ce56+       1928622.4321145772            1.3202e-10     2.658890413313 138697466475.356
141I53+        1928723.6249201035            2.3329e-12     2.658618848198 131253838109.423
141Xe53+       1928786.2938165963            2.1480e-11     2.658450667407 131245535161.326
141Cs53+       1928833.9528198638            4.0249e-11     2.658322767774 131239220861.049
133Sn50+       1928979.0797422836            1.3401e-12     2.657933299283 123792446339.762
133Sb50+       1929043.7091991310            9.2075e-12     2.657759857052 123784368319.904
133Te50+       1929076.0623992311            1.3090e-11     2.657673032693 123780324501.410
125Ag47+       1929119.8716714312            8.4580e-13     2.657555464355 116348357863.815
125Cd47+       1929195.2218531179            4.1479e-12     2.657353251553 116339504943.242
202Os76+       1929261.3514061042            1.2816e-08     2.657175783604 188110891216.753
202Ir76+       1929283.3649924432            5.2463e-06     2.657116707051 188106708978.215
117Ru44+       1929291.8799765594            5.4934e-13     2.657093855894 108902947573.811
202Pt76+       1929315.6174075545            4.2034e-04     2.657030153162 188100581521.682
202Au76+       1929324.4211545349            7.9766e-04     2.657006527070 188098908946.876
117Rh44+       1929377.5989657603            5.6696e-13     2.656863816940 108893519257.947
194Ta73+       1929423.7413237302            2.0299e-08     2.656739987438 180655827569.754
194W73+        1929463.9952297166            1.3716e-06     2.656631960424 180648481834.126
194Re73+       1929479.9931693475            1.9437e-05     2.656589027705 180645562449.479
194Os73+       1929508.4090743999            1.5271e-05     2.656512769630 180640376971.920
109Mo41+       1929608.2486795501            3.2272e-13     2.656244836019 101445321469.075
186Lu70+       1929649.4686149980            1.2741e-07     2.656134216529 173192116440.065
186Hf70+       1929684.7109393927            8.2987e-07     2.656039638799 173185949538.868
186Ta70+       1929697.2419460912            3.9723e-07     2.656006010082 173183756792.460
178Ho67+       1929826.7297039081            6.8659e-10     2.655658511486 165739908365.603
178Er67+       1929875.5966330606            1.7414e-08     2.655527370214 165731723825.951
101Y38+        1929881.9626956468            2.1190e-13     2.655510285990 93996492368.946
178Tm67+       1929899.7019993726            3.2579e-08     2.655462680076 165727686508.079
170Gd64+       1930064.1577929866            7.9220e-11     2.655021339842 158280733058.631
93Br35+        1930081.7368508205            1.3389e-13     2.654974163970 86558237849.969
170Tb64+       1930101.0932130630            1.6857e-09     2.654922218451 158274823875.863
170Dy64+       1930145.1702476896            9.5974e-09     2.654803931534 158267772128.435
93Kr35+        1930210.4183351479            1.6096e-13     2.654628829122 86546979143.097
162Pm61+       1930301.7769574968            2.9315e-11     2.654383655420 150825089744.434
162Sm61+       1930356.7531616432            4.7629e-10     2.654236119050 150816706560.568
162Eu61+       1930385.5446694118            2.0524e-09     2.654158852993 150812316215.561
85Ge32+        1930474.1250128867            1.9151e-13     2.653921135192 79107571840.282
154Ce58+       1930570.7833219760            1.3589e-11     2.653661739036 143368459654.607
85As32+        1930600.0897036772            1.4316e-13     2.653583091242 79097495491.093
154Pr58+       1930609.9556399286            1.7513e-10     2.653556614616 143362780134.120
154Nd58+       1930663.4884535384            4.8343e-10     2.653412951787 143355018512.456
207Hg78+       1930789.2770310594            8.3828e-09     2.653075380462 192763256754.875
207Tl78+       1930812.6614462759            1.2726e-03     2.653012625097 192758697167.710
207Pb78+       1930820.0000000000            1.0000e+00     2.652992931057 192757266267.041
146Cs55+       1930846.6534888817            6.7164e-12     2.652921402674 135914920634.003
77Cu29+        1930885.6847225642            3.9535e-13     2.652816656873 71661401347.274
146Ba55+       1930916.4117366243            6.8380e-11     2.652734196612 135905329661.221
146La55+       1930948.3563765462            1.4122e-10     2.652648468682 135900937633.296
199Re75+       1930973.7171200158            3.8517e-08     2.652580409562 185314705659.442
199Os75+       1931003.6440976772            6.0755e-06     2.652500096312 185309094811.116
77Zn29+        1931022.7294264187            1.6293e-13     2.652448878150 71651466420.725
199Ir75+       1931026.0546231130            1.8033e-04     2.652439954518 185304893182.053
199Pt75+       1931042.0636400327            2.2352e-04     2.652396992071 185301891737.443
199Au75+       1931051.2220828745            2.8057e-10     2.652372414102 185300174670.178
138Te52+       1931210.4562602059            3.5732e-12     2.651945086810 128454089025.185
191Ta72+       1931250.0104681370            1.0451e-06     2.651838937534 177852388707.239
138I52+        1931259.0362996920            2.7980e-11     2.651814715446 128447774137.756
191W72+        1931276.2539223139            1.0818e-05     2.651768509536 177847665272.721
191Re72+       1931293.9461371785            6.4027e-06     2.651721029991 177844480935.102
69Fe26+        1931309.0624607415            1.0865e-12     2.651680463213 64220635634.967
138Xe52+       1931320.7735917091            4.5105e-11     2.651649034747 128439748947.711
183Yb69+       1931530.7197335868            6.4580e-08     2.651085614770 170393454132.226
183Lu69+       1931558.4148974207            3.6947e-07     2.651011290906 170388677108.092
130In49+       1931568.3757048377            2.1771e-12     2.650984559680 120999434659.037
130Sn49+       1931652.0792597081            1.2450e-11     2.650759929427 120989181814.109
175Dy66+       1931795.6985869992            4.5664e-10     2.650374506778 162941325156.247
175Ho66+       1931835.8381210549            1.0626e-08     2.650266786698 162934702676.049
61V23+         1931854.0194108183            4.4560e-12     2.650217994651 56779229836.524
175Er66+       1931868.6137504801            1.8052e-08     2.650178828690 162929295140.512
122Pd46+       1931890.3388146667            1.3243e-12     2.650120526427 113554283283.992
122Ag46+       1931946.9832214983            1.5882e-12     2.649968513201 113547769711.199
167Eu63+       1932119.9860246615            8.7257e-11     2.649504235866 155483830200.962
167Gd63+       1932164.7719513015            1.6583e-09     2.649384046537 155476776995.749
167Tb63+       1932197.5187432929            8.4423e-09     2.649296165919 155471619798.805
114Tc43+       1932250.4583183071            2.6808e-13     2.649154095130 106109859483.611
114Ru43+       1932358.7582997133            8.4057e-13     2.648863456909 106098218189.981
204Ir77+       1932428.8338435825            1.7716e-08     2.648675399339 189976344136.364
204At77+       1932442.0062926305            4.2034e-04     2.648640049221 189973808647.786
61Ni23+        1932446.3681625181            1.2158e-10     2.648628343530 56745172575.367
114Te43+       1932467.7190836968            1.2158e-10     2.648571045333 106086505865.897
159Nd60+       1932469.4434164942            3.7516e-11     2.648566417843 148027423974.860
159Lu60+       1932470.3175441783            4.2034e-04     2.648564071999 148027292866.456
204Pt77+       1932471.0433824952            3.1521e-05     2.648562124110 189968219466.197
204Po77+       1932475.5306319012            4.2034e-04     2.648550081945 189967355741.495
114Pd43+       1932482.4283730099            4.2034e-04     2.648531570888 106084924746.918
204Au77+       1932485.8399001786            2.8714e-03     2.648522415575 189965371370.034
204Bi77+       1932487.4408569452            4.2034e-04     2.648518119183 189965063211.119
114Sb43+       1932491.9361075985            4.2034e-04     2.648506055546 106083902749.235
114Ag43+       1932495.8544899542            4.2034e-04     2.648495540016 106083481557.662
204Tl77+       1932506.5205346919            1.2726e-03     2.648466916186 189961390674.233
204Hg77+       1932508.2410448163            4.2034e-04     2.648462298955 189961059503.184
204Pb77+       1932510.5582785336            1.0000e+00     2.648456080333 189960613472.260
159Pm60+       1932515.2665576024            5.4962e-10     2.648443445004 148020551067.145
159Sm60+       1932553.2583052134            2.1281e-09     2.648341488811 148014852772.159
106Zr40+       1932726.2301327181            2.3124e-13     2.647877294603 98659272749.955
53Ca20+        1932727.0991822791            2.1912e-11     2.647874962386 49329592926.061
196W74+        1932742.1502898072            6.9462e-08     2.647834570624 182516709599.790
196Re74+       1932762.0869386664            5.8880e-06     2.647781067825 182513021622.097
196Os74+       1932794.4608048138            9.8662e-05     2.647694188005 182507032947.820
196Ir74+       1932800.7818175144            7.5968e-05     2.647677224680 182505863656.331
106Nb40+       1932800.9435033512            5.1057e-13     2.647676790773 98651802025.353
151La57+       1932839.0518761869            1.8675e-11     2.647574521599 140573387888.158
151Ce57+       1932894.8649092645            2.0840e-10     2.647424739481 140565435182.920
151Pr57+       1932934.1293529130            5.0434e-10     2.647319367828 140559840458.364
188Lu71+       1933058.8879109188            1.7320e-08     2.646984560705 175061167215.885
188Hf71+       1933098.7309143213            6.4547e-07     2.646877636406 175054095662.518
188Ta71+       1933116.4524158584            5.3850e-06     2.646830078266 175050950353.852
188W71+        1933143.3136410592            2.0154e-06     2.646757992393 175046182877.224
98Rb37+        1933230.1650890289            2.4248e-13     2.646524914327 91213217131.421
143Xe54+       1933274.2033504301            9.6933e-12     2.646406731463 133116047892.247
143Cs54+       1933329.8102488776            8.5351e-11     2.646257502537 133108541576.336
98Sr37+        1933360.6392575214            3.6192e-13     2.646174768559 91201149260.178
143Ba54+       1933376.4610744605            1.5361e-10     2.646132308490 133102244231.148
180Er68+       1933428.7307517650            1.1335e-09     2.645992035465 167601348359.534
180Tm68+       1933458.4173874992            3.3982e-08     2.645912367206 167596302045.164
180Yb68+       1933497.2981207641            1.7505e-07     2.645808025295 167589692862.340
45Cl17+        1933665.0788969733            1.5609e-10     2.645357762002 41890293117.132
135Sb51+       1933780.8858706343            5.4652e-12     2.645046977714 125656115172.645
172Tb65+       1933815.1596949783            3.6192e-10     2.644954999089 160144381670.336
135Te51+       1933844.1704934416            3.6546e-11     2.644877144535 125648047044.674
172Dy65+       1933865.1355796917            9.4153e-09     2.644820881779 160136261254.794
172Ho65+       1933888.3835409540            1.1739e-08     2.644758492608 160132483770.773
90Se34+        1933891.3818543511            3.0727e-13     2.644750446213 83761352059.734
135I51+        1933891.8757129516            5.2011e-11     2.644749120874 125641965127.792
90Br34+        1933988.0041901164            2.9388e-13     2.644491146596 83753139834.445
201Os76+       1934176.5078825883            1.2096e-07     2.643985270446 187177088040.821
201Ir76+       1934203.2087387764            2.9315e-05     2.643913614946 187172015294.017
201Bi76+       1934212.3014469526            2.8262e-12     2.643889213386 187170287821.084
201Pt76+       1934224.1386270050            1.0413e-03     2.643857446649 187168038941.241
201Pb76+       1934232.4611896537            2.8262e-12     2.643835111883 187166457783.964
201Au76+       1934238.2014662421            1.2636e-04     2.643819707044 187165367220.818
201Tl76+       1934242.4413829227            2.8262e-12     2.643808328632 187164561702.686
201Hg76+       1934244.9087272864            5.7927e-03     2.643801707166 187164092945.686
164Sm62+       1934250.0985570916            1.0678e-10     2.643787779529 152685692519.067
127Cd48+       1934263.9071769209            3.2605e-12     2.643750722157 118206621180.733
164Eu62+       1934284.6343962075            1.8073e-09     2.643695097751 152680339902.819
164Gd62+       1934326.6356006695            8.2963e-09     2.643582381616 152673830249.799
127In48+       1934331.9514706968            4.4819e-12     2.643568115732 118198456534.830
193Ta73+       1934548.3992445120            8.5040e-08     2.642987247712 179720654166.145
193W73+        1934578.2450848571            4.5614e-06     2.642907152205 179715207746.787
193Re73+       1934600.7716738041            5.2944e-05     2.642846698938 179711096981.311
193Os73+       1934618.1606952662            2.7344e-05     2.642800033055 179707923745.041
82Ga31+        1934625.0575170468            5.2526e-13     2.642781524465 76313789322.269
156Pr59+       1934697.3079793137            4.9406e-11     2.642587630195 145231717156.670
156Nd59+       1934756.9320365796            6.3267e-10     2.642427620658 145222923329.154
119Rh45+       1934767.1379903865            6.0269e-13     2.642400231547 110762098531.300
156Pm59+       1934784.1066505893            2.2050e-09     2.642354693763 145218915402.164
82Ge31+        1934786.2869449679            3.0149e-13     2.642348842636 76301295065.903
119Pd45+       1934843.6508094945            2.2244e-12     2.642194898644 110753491544.764
185Yb70+       1934961.8709589269            1.1023e-08     2.641877638259 172262522239.420
37Si14+        1934988.8441713878            1.3098e-09     2.641805251853 34451560462.837
185Lu70+       1934993.5311554968            3.5168e-07     2.641792673672 172256982159.204
185Hf70+       1935018.8030153282            2.5131e-06     2.641724853085 172252559946.273
185Ta70+       1935036.4268852870            8.2275e-07     2.641677556953 172249476021.855
148Ba56+       1935210.7856999750            2.5627e-11     2.641209640570 137775172584.452
148La56+       1935247.9341177172            2.4974e-10     2.641109947571 137769972232.301
148Ce56+       1935303.1405241706            5.2254e-10     2.640961793420 137762243968.972
111Mo42+       1935371.1504815188            4.7376e-13     2.640779279142 103314542516.593
177Ho67+       1935413.1208297487            2.4632e-09     2.640666645814 164804264557.522
177Er67+       1935452.7221097527            1.8225e-08     2.640560370214 164797631886.878
111Tc42+       1935457.8643422930            1.2512e-12     2.640546570310 103305438307.589
177Tm67+       1935481.1933431602            8.7316e-08     2.640483963658 164792863346.215
74Ni28+        1935496.4826261823            1.2211e-12     2.640442932718 68867589146.788
206Pt78+       1935528.5881144106            2.8262e-12     2.640356773129 191839166851.913
206Au78+       1935554.3692694986            2.0516e-11     2.640287585776 191834139938.785
206Hg78+       1935589.4258270387            1.2683e-04     2.640193506577 191827304470.447
206Tl78+       1935596.1964443370            1.2726e-03     2.640175336674 191825984308.302
74Cu28+        1935600.9734756441            3.7822e-13     2.640162516839 68860275386.919
206Pb78+       1935604.1231485959            1.0000e+00     2.640154064249 191824438727.681
140I53+        1935782.1171926691            1.3912e-11     2.639676392217 130318664550.254
140Xe53+       1935853.1610825341            1.0654e-10     2.639485735955 130309252006.502
140Cs53+       1935884.0884140821            1.6757e-10     2.639402738114 130305154470.994
169Gd64+       1935905.4766259273            3.4424e-10     2.639345339842 157346198659.908
169Tb64+       1935946.9767408050            6.6621e-09     2.639233968451 157339559185.841
198Re75+       1935954.1506606713            2.3258e-07     2.639214716229 184380950921.198
169Dy64+       1935979.2738876413            9.0931e-09     2.639147294519 157334392065.956
198Os75+       1935989.7813331699            2.5429e-05     2.639119096312 184374270717.758
198Ir75+       1936001.4258712761            5.2852e-04     2.639087846558 184372087545.843
198Au75+       1936022.1951364290            2.8057e-10     2.639032109316 184368193627.856
198Pt75+       1936023.8550575292            3.2428e-05     2.639027654684 184367882418.163
198Hg75+       1936029.5880537778            2.8057e-10     2.639012269383 184366807569.484
103Y39+        1936082.4302630126            4.4897e-13     2.638870459888 95865588243.075
103Zr39+       1936178.5242783267            8.2109e-13     2.638612578094 95856219844.617
190Hf72+       1936415.4916872482            7.5413e-08     2.637976642750 176922678306.867
161Pm61+       1936436.9721123392            1.3551e-10     2.637918997010 149889549180.355
190Ta72+       1936437.6256725756            3.0075e-06     2.637917243089 176918694516.105
66Mn25+        1936453.4988516762            3.9954e-12     2.637874645182 61429110270.168
190W72+        1936469.3832884231            2.6322e-05     2.637832017064 176912978613.851
190Re72+       1936476.1854456901            1.0204e-05     2.637813762519 176911754325.912
132Sn50+       1936477.0277106967            8.0246e-12     2.637811502183 122855279674.055
161Sm61+       1936480.4485353928            2.0202e-09     2.637802321919 149882919569.345
132Sb50+       1936501.9667549881            1.2691e-11     2.637744574752 122852162549.065
161Eu61+       1936514.3268022139            8.2631e-09     2.637711404829 149877753557.172
132Te50+       1936546.6353302528            1.5149e-11     2.637624700353 122846579434.869
95Kr36+        1936903.1759639850            5.2510e-13     2.636667873456 88417451166.531
182Tm69+       1936910.4416099682            6.1349e-09     2.636648375074 169465528181.326
182Yb69+       1936953.7391696437            1.7646e-07     2.636532179988 169458059964.538
182Lu69+       1936970.7307249641            8.9991e-07     2.636486580761 169455129161.517
95Rb36+        1937011.4644280327            6.3552e-13     2.636377266144 88407706003.690
153Ce58+       1937013.9608586123            6.7431e-11     2.636370566622 142434275497.628
153Pr58+       1937060.1594914529            7.4530e-10     2.636246586098 142427577244.999
124Ag47+       1937062.6846018068            1.3874e-12     2.636239809610 115415153849.976
153Nd58+       1937100.1869889395            2.2650e-09     2.636139166684 142421773733.645
29Na11+        1937123.3369750190            1.6655e-08     2.636077040443 27010389480.503
124Cd47+       1937152.0047316498            6.0594e-12     2.636000106489 115404659595.054
203Ir77+       1937293.0974783613            4.4674e-07     2.635621464274 189040050145.471
203Po77+       1937309.5049506209            4.2034e-04     2.635577432517 189036891965.973
203Pt77+       1937320.1889610225            1.5158e-04     2.635548760473 189034835462.566
203Au77+       1937339.4691535018            1.5459e-04     2.635497019367 189031124329.758
203Pb77+       1937348.2050799301            1.0000e+00     2.635473575281 189029442801.775
203Hg77+       1937350.5759535204            4.2034e-04     2.635467212709 189028986446.021
203Tl77+       1937353.1996149241            1.2726e-03     2.635460171745 189028481432.603
174Dy66+       1937468.2507446185            1.7064e-09     2.635151415869 162005430776.280
174Ho66+       1937497.2961224781            1.1540e-08     2.635073468516 162000638681.797
174Er66+       1937534.4811849766            5.1713e-08     2.634973677175 161994503649.444
145Cs55+       1937656.2156676354            3.5659e-11     2.634646985583 134978682588.639
145Ba55+       1937710.7426382417            3.0127e-10     2.634500654794 134971185744.783
145La55+       1937749.7004921939            5.4378e-10     2.634396105918 134965829478.979
58Ti22+        1937782.7232917158            1.9559e-11     2.634307484595 53984515686.505
195W74+        1937788.4770420771            3.0830e-07     2.634292043597 181583215679.867
116Ru44+       1937802.3326091762            1.0063e-12     2.634254860235 107966874524.911
195Re74+       1937814.9044704165            1.9906e-05     2.634221121879 181578327006.405
195Os74+       1937836.6496776117            2.4446e-04     2.634162765559 181574304472.847
195Ir74+       1937848.4972189292            9.9206e-06     2.634130971017 181572112857.375
116Rh44+       1937863.1398992974            3.1543e-12     2.634091675327 107960186271.311
87As33+        1937894.4265905730            7.4904e-13     2.634007713094 80967558763.042
87Se33+        1938025.5838762023            5.6101e-13     2.633655734086 80956739173.984
166Eu63+       1938053.6338318121            3.9272e-10     2.633580458088 154549357280.843
166Gd63+       1938102.3329395549            6.7436e-09     2.633449767188 154541687800.129
166Tb63+       1938124.4788747942            8.0833e-09     2.633390335459 154538200101.255
187Lu71+       1938329.4243951398            5.3103e-08     2.632840335353 174125723679.015
187Hf71+       1938359.2431765590            1.7222e-06     2.632760312462 174120431279.193
187Ta71+       1938381.5569263867            1.2507e-05     2.632700430379 174116470913.275
187W71+        1938398.5622735538            3.8168e-06     2.632654794140 174113452711.589
137Te52+       1938404.1364980384            5.2841e-12     2.632639834925 127518987255.328
137I52+        1938458.6292576434            3.4805e-11     2.632493595946 127511903777.293
137Xe52+       1938505.2484739593            4.7344e-11     2.632368486728 127505843775.980
108Nb41+       1938627.1496528203            8.6293e-13     2.632041347783 100520959899.877
158Nd60+       1938707.3222218482            1.7421e-10     2.631826193427 147091818856.383
108Mo41+       1938736.6459095643            1.9144e-12     2.631747499190 100509737453.594
158Pm60+       1938742.7490128120            2.2914e-09     2.631731120654 147086505273.354
158Sm60+       1938784.0224157777            8.2756e-09     2.631620357677 147080314770.416
179Er68+       1938925.6151408532            3.4593e-09     2.631240373701 166666954616.405
179Tm68+       1938960.1897811047            9.2650e-08     2.631147587795 166661077409.385
179Yb68+       1938988.4177332248            4.3722e-07     2.631071834118 166656279050.901
79Zn30+        1939061.9741194518            1.4549e-12     2.630874435218 73519312716.310
200Os76+       1939099.0384739821            8.1656e-07     2.630774967814 186241883897.910
200Ir76+       1939115.3155480572            1.0652e-04     2.630731285998 186238791507.355
200Pt76+       1939142.1863841182            8.3192e-05     2.630659174334 186233686467.022
200Au76+       1939145.6215940332            2.8057e-10     2.630649955465 186233033830.642
79Ga30+        1939183.6543485785            6.3087e-13     2.630547889223 73510187447.229
129In49+       1939196.9386989716            3.2839e-12     2.630512238802 120065012297.618
129Sn49+       1939260.4775044792            1.6446e-11     2.630341723488 120057229431.994
150La57+       1939397.4478167475            8.9760e-11     2.629974144406 139638893077.930
150Ce57+       1939457.6190824835            8.6951e-10     2.629812666358 139630319375.448
150Pr57+       1939482.1386107423            2.3261e-09     2.629746864758 139626825629.094
50K19+         1939545.2082798330            1.0960e-10     2.629577608438 46539279645.997
171Tb65+       1939573.0098229833            1.4316e-09     2.629502999089 159208807724.306
171Dy65+       1939611.7266049152            8.7483e-09     2.629399097164 159202516762.985
100Sr38+       1939632.6693241717            8.9990e-13     2.629342894434 93070251173.894
171Ho65+       1939639.7974464220            3.6010e-08     2.629323765116 159197955625.169
192Ta73+       1939665.4463630032            3.8255e-07     2.629254932644 178786869620.093
192W73+        1939701.5350009350            1.3398e-05     2.629158083712 178780283983.571
100Y38+        1939711.8259354711            1.3589e-12     2.629130466543 93062731912.261
192Re73+       1939712.7040881396            1.1303e-04     2.629128109897 178778245792.250
192Os73+       1939736.2893133569            6.3755e-06     2.629064815630 178773941841.492
121Pd46+       1940004.5706786653            2.2068e-12     2.628344844884 112621223113.320
121Ag46+       1940076.2645318792            8.2486e-12     2.628152444353 112612978996.065
142Xe54+       1940211.9629441986            1.2961e-11     2.627788278593 132179527124.481
142Cs54+       1940251.3631197463            9.5934e-11     2.627682542685 132174208536.808
163Sm62+       1940277.4849039195            4.8472e-10     2.627612441206 151751524219.842
142Ba54+       1940305.9109915448            1.5045e-10     2.627536155805 132166845177.774
184Yb70+       1940308.6749779356            3.2225e-08     2.627528738259 171326908239.148
163Eu62+       1940316.3267437511            7.3291e-09     2.627508203670 151745504228.196
205Pt78+       1940324.2311529408            2.8262e-12     2.627486991077 190904093118.162
184Lu70+       1940330.1624260913            9.0773e-07     2.627471073672 171323148243.970
163Gd62+       1940347.7027571073            7.8532e-09     2.627424001729 151740641344.793
205Au78+       1940354.1159949300            8.3295e-06     2.627406790904 190898266051.686
184Hf70+       1940360.2331668679            5.7512e-06     2.627390374613 171317886295.717
205Bi78+       1940367.5290272823            5.9304e-04     2.627370795147 190895650724.786
184Ta70+       1940367.9444147986            1.3738e-06     2.627369680396 171316536937.951
205Hg78+       1940373.5923294863            5.7927e-03     2.627354523423 190894468477.779
205Pb78+       1940381.3283935378            1.0000e+00     2.627333762608 190892960068.950
205Tl78+       1940381.5195463353            1.2726e-03     2.627333249623 190892922797.210
71Co27+        1940387.0652764437            4.0697e-12     2.627318366876 66077945123.707
92Br35+        1940766.4593577418            1.1164e-12     2.626300209541 85623401269.934
92Kr35+        1940909.8934565734            1.0853e-12     2.625915283979 85610851815.110
197Re75+       1940940.4468841727            1.3894e-06     2.625833289562 183446097020.032
113Tc43+       1940955.4068523750            1.7337e-12     2.625793142385 105174154226.735
197Os75+       1940966.0464069536            7.3487e-05     2.625764589645 183441297502.982
197Ir75+       1940983.4233720114            4.3678e-05     2.625717956118 183438039589.122
176Ho67+       1940993.3051942149            2.1298e-09     2.625691436859 163869660296.749
197Pt75+       1940994.9812811259            2.9993e-09     2.625686938844 183435872658.812
176Er67+       1941036.8607818687            5.2787e-08     2.625574549318 163862365333.869
113Ru43+       1941039.8476528397            4.6145e-12     2.625566533630 105165077584.802
155Pr59+       1941039.9298184037            2.2791e-10     2.625566313128 144296257125.836
21O8+          1941052.1338451139            2.9383e-07     2.625533561907 19565350126.028
176Tm67+       1941053.5652693203            2.2781e-07     2.625529720479 163859567561.586
155Nd59+       1941086.7774859718            2.6097e-09     2.625440590828 144289347661.318
155Pm59+       1941118.6405704846            8.3124e-09     2.625355081763 144284648241.618
134Sb51+       1941121.2732723621            7.7205e-12     2.625348016537 124720292499.086
134Te51+       1941188.2938138265            4.4097e-11     2.625168157495 124711748080.534
134I51+        1941200.3827674310            5.2893e-11     2.625135715090 124710206865.301
189Hf72+       1941603.9401296270            2.9225e-07     2.624052712194 175988834145.199
189Ta72+       1941631.0166132930            7.9819e-06     2.623980048645 175983960777.665
189W72+        1941652.7781789240            5.0323e-05     2.623921648425 175980044016.954
189Re72+       1941664.8890348419            2.1022e-06     2.623889147241 175977864241.590
168Gd64+       1941754.4168689379            1.4423e-09     2.623648886717 156410444935.535
168Tb64+       1941783.6722249449            7.9197e-09     2.623570375858 156405764462.286
168Dy64+       1941820.1051250072            2.8498e-08     2.623472603050 156399935676.129
147Ba56+       1941884.2836617662            3.1467e-11     2.623300370927 136840959458.010
42S16+         1941896.0790545647            7.5778e-10     2.623268716333 39096945210.968
147La56+       1941930.3651739256            2.6843e-10     2.623176704713 136834508575.161
147Ce56+       1941968.7546458647            2.4010e-09     2.623073681170 136829134489.665
126Cd48+       1942056.2837062476            4.9987e-12     2.622838784636 117271612650.631
63Cr24+        1942057.9155107271            1.6136e-11     2.622834405459 58635708425.073
105Zr40+       1942069.0254399532            1.6149e-12     2.622804590403 97725069806.605
126In48+       1942102.7841698902            2.1704e-11     2.622713994107 117266033052.418
202Ir77+       1942144.2175021356            2.6320e-06     2.622602801937 188106286092.287
202Po77+       1942152.1084274331            4.2034e-04     2.622581625530 188104767213.687
105Nb40+       1942153.7789033796            2.9984e-12     2.622577142573 97716595155.027
202Pt77+       1942176.0466855234            3.6217e-06     2.622517383850 188100159476.754
84Ge32+        1942181.5723539549            1.8714e-12     2.622502554942 78171052830.245
202Au77+       1942185.0795652443            2.9879e-12     2.622493142848 188098420789.948
202Tl77+       1942193.6645255671            1.2726e-03     2.622470103900 188096768320.558
84As32+        1942278.0272244262            1.1030e-12     2.622243704742 78163337073.157
181Tm69+       1942333.7472676453            1.8189e-08     2.622094172175 168530084644.456
181Yb69+       1942366.8326559288            4.7193e-07     2.622005382886 168524377882.827
181Lu69+       1942388.6899787921            2.7032e-06     2.621946725689 168520607803.709
160Pm61+       1942564.0452075251            6.0434e-10     2.621476135289 148955247128.838
160Sm61+       1942612.4602668888            8.1057e-09     2.621346206673 148947864437.529
160Eu61+       1942634.1455237644            7.6793e-09     2.621288011239 148944557706.946
194W74+        1942843.8324736389            1.4499e-06     2.620725286840 180648051591.198
139I53+        1942849.5549804228            1.7996e-11     2.620709929689 129382305807.487
194Re74+       1942859.6097866946            4.4940e-05     2.620682946203 180645133027.551
194Os74+       1942887.9696118035            2.0979e-05     2.620606838627 180639886889.992
194Ir74+       1942888.5507008110            2.4013e-09     2.620605279193 180639779397.338
139Xe53+       1942903.9437982598            1.1700e-10     2.620563969653 129375099879.876
139Cs53+       1942942.3677823916            1.6082e-10     2.620460853491 129370009119.327
118Rh45+       1943066.1119798638            3.6273e-12     2.620128768547 109828540491.987
173Dy66+       1943129.9515189256            1.5678e-09     2.619957446172 161071326727.786
118Pd45+       1943159.6665746481            1.1496e-11     2.619877701644 109818016462.850
173Ho66+       1943164.2757955347            3.5722e-08     2.619865332152 161065663686.410
173Er66+       1943190.6941629369            1.4487e-07     2.619794434751 161061305013.120
97Rb37+        1943346.0645473253            1.8457e-12     2.619377476489 90277573137.042
97Sr37+        1943455.0049883965            2.2122e-12     2.619085119505 90267496972.302
152Ce58+       1943466.6596868681            7.9113e-11     2.619053842484 141498710866.538
152Pr58+       1943499.8845062393            7.9495e-10     2.618964679012 141493893662.651
152Nd58+       1943544.2551453949            8.4707e-09     2.618845604166 141487460447.378
186Lu71+       1943592.0779571522            1.9011e-07     2.618717264930 173191679246.137
186Hf71+       1943626.8196287390            4.2983e-06     2.618624030772 173185513104.940
186Ta71+       1943639.4868440758            2.1363e-05     2.618590036520 173183264858.532
186W71+        1943661.5208080872            6.5182e-07     2.618530905281 173179354150.526
76Cu29+        1943764.1583892961            4.2882e-12     2.618255462907 70727788545.429
76Zn29+        1943920.4463302218            1.3820e-12     2.617836042254 70716458598.558
131Sn50+       1943935.3353179663            1.1520e-11     2.617796085563 121923067647.301
131Sb50+       1943973.3002722256            5.6981e-11     2.617694201272 121918322417.040
165Eu63+       1943993.6395623616            1.6870e-09     2.617639617929 153613883069.875
131Te50+       1943999.3808811281            5.7911e-11     2.617624210293 121915062608.171
199Os76+       1944011.0962532433            3.2980e-06     2.617592770446 185308669426.188
165Gd63+       1944030.7481780553            8.3914e-09     2.617540031744 153608038942.014
199Ir76+       1944033.2074240299            5.3407e-06     2.617533432012 185304468648.125
199Pt76+       1944049.3440395067            2.8352e-10     2.617490127136 185301402942.515
165Tb63+       1944056.8640580850            2.6716e-08     2.617469946109 153603926028.092
199Au76+       1944058.3804290262            2.8057e-10     2.617465876715 185299686169.250
55Sc21+        1944260.5163632454            8.5044e-11     2.616923416528 51190617806.464
110Mo42+       1944287.0242443772            3.0737e-12     2.616852278904 102378452513.571
110Tc42+       1944349.1064353173            6.8946e-12     2.616685672620 102371934417.886
178Er68+       1944430.0342902679            1.0193e-08     2.616468491348 165731280069.023
178Tm68+       1944453.7807949523            2.4513e-07     2.616404764265 165727243494.151
144Cs55+       1944454.6707159583            4.2650e-11     2.616402376037 134043971648.514
178Yb68+       1944486.1109445847            1.2669e-06     2.616318001765 165721747819.257
144Ba55+       1944516.7183659305            3.1924e-10     2.616235862449 134035440796.015
144La55+       1944539.4086096694            6.5101e-10     2.616174969991 134032321143.255
191Ta73+       1944788.6801296338            1.1997e-06     2.615506014835 177851956103.311
191W73+        1944814.5597772361            2.4658e-05     2.615436563164 177847233454.793
191Re73+       1944832.3324375364            8.6787e-06     2.615388867732 177843990210.174
191Os73+       1944843.5953195447            1.7196e-09     2.615358642206 177841934902.705
89Se34+        1944888.5913274027            2.5853e-12     2.615237889095 82826665881.515
157Nd60+       1944935.5194088966            2.0475e-10     2.615111950993 146157665861.605
157Pm60+       1944974.4930236151            2.4078e-09     2.615007359821 146151820298.625
89Br34+        1944997.9416323821            1.9890e-12     2.614944432184 82817371867.529
157Sm60+       1945003.9976745504            7.5772e-09     2.614928179944 146147394963.781
123Ag47+       1945019.3592516824            7.8286e-12     2.614886954993 114480321217.612
123Cd47+       1945086.3466270759            2.9309e-11     2.614707184957 114472450846.228
204Pt78+       1945126.1324334270            6.7626e-09     2.614600414154 189967799127.269
34Al13+        1945130.3724395146            8.3203e-09     2.614589035502 31661162065.643
204Au78+       1945140.7347441043            2.8714e-03     2.614561226801 189964951910.106
204Hg78+       1945163.1974257312            4.2034e-04     2.614500945038 189960572046.256
204Pb78+       1945165.4829050023            1.0000e+00     2.614494811634 189960126414.332
170Tb65+       1945323.8430763418            1.3932e-09     2.614069829859 158274373926.935
170Dy65+       1945367.2377747046            2.8852e-08     2.613953374087 158267322866.507
170Ho65+       1945383.1217553352            1.0372e-07     2.613910747193 158264741931.244
136Te52+       1945609.4619100767            2.5587e-11     2.613303331579 126582371736.923
183Yb70+       1945645.6469371221            1.0653e-07     2.613206223973 170393014708.298
136I52+        1945649.0876020323            1.4496e-10     2.613196990466 126577220819.249
102Y39+        1945664.8528063209            3.1059e-12     2.613154682324 94931378633.023
183Lu70+       1945672.9420611125            2.1459e-06     2.613132973672 170388238453.164
183Hf70+       1945693.6880699650            8.6978e-06     2.613077298842 170384608199.228
136Xe52+       1945702.2981229865            1.8077e-10     2.613054192555 126570304018.575
183Ta70+       1945705.2281998650            2.0078e-07     2.613046329282 170382588842.046
68Fe26+        1945713.1897985023            1.3441e-11     2.613024963213 63284444108.414
102Zr39+       1945771.7869375064            4.6487e-12     2.612867709555 94920953409.908
196Re75+       1945919.5389634983            3.3444e-06     2.612471196229 182512593785.169
196Os75+       1945951.4768364080            4.9916e-06     2.612385486459 182506605924.892
196Ir75+       1945958.0466362424            3.0595e-09     2.612367855478 182505374188.403
149La57+       1945962.2159666528            1.0457e-10     2.612356666494 138703490302.306
149Ce57+       1946007.7494247106            9.1929e-10     2.612234471060 138697002316.428
149Pr57+       1946038.6961936078            2.2619e-09     2.612151421056 138692592763.362
115Ru44+       1946289.6681791509            6.1300e-12     2.611477902463 107033344144.450
162Sm62+       1946312.0018028675            5.5148e-10     2.611417967045 150816250775.640
162Eu62+       1946340.3246085441            9.0225e-09     2.611341958815 150811861100.633
115Rh44+       1946363.7229842483            1.6432e-11     2.611279165986 107025198783.658
162Gd62+       1946376.4945851839            2.5797e-08     2.611244891600 150806255213.832
175Ho67+       1946578.2614236088            6.6858e-09     2.610703421934 162934256814.121
175Er67+       1946610.5436194113            1.5006e-07     2.610616788124 162928849989.584
175Tm67+       1946632.7285047460            6.9308e-07     2.610557251867 162925134325.906
81Ga31+        1946705.9347837260            4.9737e-12     2.610360792529 75377598084.478
188Hf72+       1946799.7738548638            8.2760e-07     2.610108962194 175053660741.590
128In49+       1946812.6587522270            1.7277e-11     2.610074383761 119132163067.488
188Ta72+       1946817.2448129621            1.2124e-05     2.610062076423 175050516226.924
81Ge31+        1946817.8619017159            2.2433e-12     2.610060420378 75368924443.912
188W72+        1946844.0507027484            8.1404e-06     2.609990139050 175045691562.296
188Re72+       1946846.0458999898            7.6557e-10     2.609984784658 175045332456.233
128Sn49+       1946887.7544676219            7.4044e-11     2.609872853855 119122964596.457
201Ir77+       1947000.1671738413            6.0709e-08     2.609571178560 187171592408.089
141Xe54+       1947134.4686528419            5.8948e-11     2.609210761667 131245065462.398
141Cs54+       1947181.2408001423            3.8992e-10     2.609085242037 131238751740.121
47Ar18+        1947194.2050735888            5.4010e-10     2.609050450587 43745667235.559
141Ba54+       1947220.4351225870            7.0026e-10     2.608980058564 131233460940.339
94Kr36+        1947311.6165459433            3.9796e-12     2.608735360401 87480768304.836
154Pr59+       1947372.2337798898            2.6379e-10     2.608572685534 143362318857.192
94Rb36+        1947391.9429938376            3.8559e-12     2.608519793089 87473539517.152
154Nd59+       1947424.8550742830            2.6957e-09     2.608431468896 143354557852.528
154Pm59+       1947443.3664880802            2.9046e-08     2.608381790915 143351827642.819
167Gd64+       1947593.1447019260            5.6398e-09     2.607979840029 155476325062.821
167Tb64+       1947625.3754936873            2.7599e-08     2.607893344170 155471168558.877
167Dy64+       1947650.8771956756            3.2379e-07     2.607824906769 155467088621.038
180Tm69+       1947749.9837913443            6.1835e-08     2.607558940291 167595860433.236
107Nb41+       1947756.4112801617            5.5778e-12     2.607541691222 99585287290.934
180Yb69+       1947788.2967745021            1.1275e-06     2.607456122017 167589251985.412
180Lu69+       1947799.9919121498            3.6293e-06     2.607424736471 167587234739.544
107Mo41+       1947842.6575309103            1.0242e-11     2.607310237287 99576447774.909
193W74+        1947888.9708442509            2.7357e-06     2.607185949002 179714777503.859
193Re74+       1947911.1885816320            3.1466e-06     2.607126324582 179710667559.383
193Os74+       1947928.6705350904            4.7073e-09     2.607079409303 179707433663.113
206Au79+       1948010.2247429248            2.0516e-11     2.606860547125 191833722193.857
60V23+         1948105.8609052903            6.8837e-11     2.606603894043 55844825554.472
120Pd46+       1948140.8138979250            1.2632e-11     2.606510092775 111685631844.296
120Ag46+       1948187.7354076225            4.0422e-11     2.606384172310 111680236313.014
133Sb51+       1948466.1774094570            3.7678e-11     2.605636934067 123783893988.976
133Te51+       1948497.8920915683            1.8882e-10     2.605551823260 123779850698.482
133I51+        1948521.0445502128            1.9660e-10     2.605489690384 123776899001.990
146Ba56+       1948571.2334996653            1.4056e-10     2.605355001284 135904863223.293
146La56+       1948602.6034063792            1.0913e-09     2.605270815731 135900471796.368
146Ce56+       1948648.6305775612            2.3219e-09     2.605147295349 135894028520.633
159Pm61+       1948696.7034366389            6.7468e-10     2.605018285076 148020093414.217
159Sm61+       1948734.0681716499            3.7940e-08     2.604918011558 148014395759.231
159Eu61+       1948759.5259403207            9.4609e-08     2.604849692058 148010513767.760
172Dy66+       1948800.1945112098            6.5615e-09     2.604740552233 160135813328.866
172Ho66+       1948823.0858787624            1.0774e-07     2.604679120031 160132036562.845
73Ni28+        1948824.7435917119            1.2883e-11     2.604674671325 67934687359.904
172Er66+       1948853.7191165315            5.0570e-07     2.604596911432 160126982492.953
185Lu71+       1948860.8720111649            4.9420e-07     2.604577715634 172256544965.276
185Hf71+       1948885.7836472674            5.4481e-06     2.604510861758 172252123512.345
185Ta71+       1948903.4719953956            3.0998e-06     2.604463392590 172248984087.927
185W71+        1948914.7586026450            1.9774e-09     2.604433103393 172246980879.367
198Os76+       1948931.6264198476            4.2034e-04     2.604387836235 184373845332.830
198Ir76+       1948943.1132610328            4.7546e-11     2.604357009683 184371663011.915
73Cu28+        1948951.7140991734            3.0421e-12     2.604333928125 67925800152.968
198Au76+       1948963.9459424026            2.8057e-10     2.604301102254 184367705126.928
86As33+        1949226.7281253529            6.2931e-12     2.603595889336 80032720525.879
86Se33+        1949366.7686401720            3.8056e-12     2.603220070934 80021168130.490
13B5+          1949445.9563146073            4.8114e-06     2.603007559681 12123429648.923
99Sr38+        1949467.1073295632            6.3647e-12     2.602950797960 92136056150.106
99Y38+         1949552.8062418823            7.8120e-12     2.602720812885 92127915420.825
112Tc43+       1949643.9459347348            1.0562e-11     2.602476226711 104240212841.312
112Ru43+       1949740.6265559338            2.3982e-11     2.602216770677 104229820526.511
125Cd48+       1949828.4738742539            2.6758e-11     2.601981020053 116339026285.314
125In48+       1949887.5634323454            9.8743e-11     2.601822444919 116331936119.606
190Ta73+       1949905.2321120938            1.8234e-06     2.601775028534 176918261912.177
138I53+        1949906.7595133886            8.2793e-11     2.601770929538 128447302859.828
151Ce58+       1949906.7649686786            3.4965e-10     2.601770914898 140564972149.992
164Eu63+       1949924.2656923796            6.7603e-09     2.601723949246 152679886024.891
177Er68+       1949925.1432158318            3.6877e-08     2.601721594289 164797188129.950
190W73+        1949936.5503849052            1.4180e-06     2.601690981548 176912546795.923
203Pb78+       1949941.1085935608            1.0000e+00     2.601678748954 189028955743.847
190Re73+       1949943.5821664799            3.5204e-09     2.601672110774 176911263600.984
151Pr58+       1949945.3481422563            3.1380e-09     2.601667371529 140559378048.436
177Tm68+       1949953.1913836843            6.1045e-07     2.601646323089 164792420332.287
164Gd63+       1949965.5960075376            1.0986e-07     2.601613033537 152673377033.871
138Xe53+       1949967.3277995558            4.8394e-10     2.601608386030 128439278219.783
177Yb68+       1949973.6388272152            1.5500e-06     2.601591449500 164788944551.836
151Nd58+       1949974.3513717665            2.9507e-08     2.601589537287 140555172924.899
164Tb63+       1949981.2235881747            3.0353e-07     2.601571094729 152670915891.689
138Cs53+       1949989.5865489354            7.5855e-10     2.601548651548 128436329177.257
26Ne10+        1950751.6878876388            1.2330e-07     2.599503445503 24214218684.446
195Re75+       1950904.9855948254            2.2322e-07     2.599092049562 181577899169.477
195Os75+       1950926.4365242354            3.4150e-10     2.599034482979 181573877449.919
182Yb70+       1950991.1946669498            2.6809e-07     2.598860695402 169457620540.610
182Lu70+       1951007.9390911192            3.0155e-06     2.598815759387 169454690506.589
182Hf70+       1951032.7548328058            1.0331e-06     2.598749162856 169450348107.790
182Ta70+       1951034.9859077805            5.3962e-10     2.598743175453 169449957701.676
169Tb65+       1951079.7899344263            1.8903e-08     2.598622937551 157339109236.913
39P15+         1951111.5111011013            4.1115e-09     2.598537809342 36307835762.281
169Dy65+       1951111.5859740416            3.3060e-07     2.598537608410 157333942804.028
169Ho65+       1951131.6083571410            1.0571e-06     2.598483875531 157330689433.490
156Nd60+       1951170.7106399504            8.6406e-10     2.598378939060 145222463846.226
156Pm60+       1951197.4280367065            4.3025e-08     2.598307239171 145218456565.236
156Sm60+       1951232.3554705402            9.4212e-08     2.598213506494 145213217879.636
143Cs55+       1951261.7607847338            1.9325e-10     2.598134593201 133108073490.408
143Ba55+       1951307.5592458732            1.3159e-09     2.598011686594 133101776718.220
143La55+       1951338.6264074845            2.3723e-09     2.597928313500 133097505333.673
117Rh45+       1951382.3841131825            2.0781e-11     2.597810883547 108893036571.019
130Sn50+       1951410.8412419970            5.7079e-11     2.597734514843 120988706007.181
65Mn25+        1951426.1014900231            4.5418e-11     2.597693561822 60493399316.274
104Zr40+       1951427.3264658006            1.0705e-11     2.597690274428 96789316418.502
130Sb50+       1951428.2976149938            2.4279e-10     2.597687668212 120986524139.430
117Pd45+       1951449.4975446127            5.6197e-11     2.597630775222 108885486928.914
52Ca20+        1951456.0858099128            3.6334e-10     2.597613094686 48393220359.923
91Br35+        1951468.6908415104            8.6323e-12     2.597579267312 84687032780.013
130Te50+       1951469.0807294962            2.1758e-10     2.597578220993 120981426668.015
104Nb40+       1951488.4386295956            1.6378e-11     2.597526271348 96783205703.088
78Zn30+        1951536.9293127081            1.3546e-11     2.597396139785 72583767774.209
91Kr35+        1951581.6099422879            6.8421e-12     2.597276233036 84677153168.640
78Ga30+        1951620.0035889747            4.5927e-12     2.597173198290 72577537714.239
200Ir77+       1951848.4803881960            1.0652e-04     2.596560048690 186238368621.427
187Hf72+       1951987.2234467929            1.0270e-06     2.596187712194 174119996358.265
187Ta72+       1952009.2228719557            6.5626e-07     2.596128673645 174116036786.347
187W72+        1952026.3097709029            1.3946e-09     2.596082818550 174112961396.661
174Ho67+       1952155.2200518765            2.5582e-08     2.595736869695 162000192819.869
174Er67+       1952191.8458683181            3.8354e-07     2.595638579169 161994058498.516
174Tm67+       1952203.6207968350            2.8293e-06     2.595606979494 161992086359.668
161Sm62+       1952336.9278963956            8.3106e-09     2.595249231158 149882463784.417
161Eu62+       1952370.2554166238            1.2059e-07     2.595159792073 149877298442.244
161Gd62+       1952394.5325873126            2.8622e-07     2.595094640874 149873535789.255
148La57+       1952517.0187193656            4.6890e-10     2.594765932125 137769507479.373
148Ce57+       1952571.2524236094            3.6602e-09     2.594620388358 137761779810.044
148Pr57+       1952586.5317740331            2.9896e-08     2.594579384074 137759602681.093
135Te52+       1952800.8015200337            1.2102e-10     2.594004361098 125647574223.746
135I52+        1952847.5850618954            6.2890e-10     2.593878810889 125641492861.863
135Xe52+       1952868.1024432653            8.5559e-10     2.593823749612 125638825820.934
192W74+        1952943.0271128141            1.6528e-07     2.593622678732 178779853740.643
192Re74+       1952954.0408282063            6.9841e-10     2.593593121879 178777816370.322
122Ag47+       1952960.7041936519            4.2142e-11     2.593575239801 113547289678.271
122Cd47+       1953041.8260364928            1.3412e-10     2.593357537936 113537758643.106
179Tm69+       1953172.0203531585            1.4838e-07     2.593008143190 166660635797.457
109Mo42+       1953179.3481567611            1.9230e-11     2.592988477999 101444835042.146
179Yb69+       1953199.8349433038            4.9231e-06     2.592933498828 166655838173.973
179Lu69+       1953214.2127821937            3.7550e-07     2.592894913877 166653358200.076
109Tc42+       1953252.1435666266            3.5724e-11     2.592793121286 101437192150.686
166Gd64+       1953437.9312997379            2.1216e-08     2.592294533795 154541235867.201
96Rb37+        1953447.7489367130            1.3290e-11     2.592268186786 89343243928.749
166Tb64+       1953459.7268731340            3.2444e-07     2.592236042311 154537748861.327
166Dy64+       1953489.8997367721            8.7884e-07     2.592155069191 154532921598.892
96Sr37+        1953572.9325106319            1.3227e-11     2.591932239073 89331665397.387
153Pr59+       1953713.1121424059            1.1331e-09     2.591556047331 142427115968.071
153Nd59+       1953752.4570243380            4.9029e-08     2.591450459811 142421313073.717
153Pm59+       1953775.2442071766            9.3699e-08     2.591389307203 142417952239.774
83Ge32+        1953861.5549278422            1.5762e-11     2.591157680255 77236730821.469
83As32+        1953970.3577635358            7.3881e-12     2.590865692555 77228027308.141
140Xe54+       1954070.4680064477            2.7183e-10     2.590597032649 130308782307.574
140Cs54+       1954100.8183278008            1.6145e-09     2.590515583296 130304685350.066
184Lu71+       1954122.3394610467            5.0578e-07     2.590457828310 171322711050.042
140Ba54+       1954147.1467541307            2.5479e-09     2.590391254453 130298431525.210
184Hf71+       1954151.9823882224            2.6258e-07     2.590378277350 171317449861.789
184Ta71+       1954159.8977287172            5.7903e-08     2.590357035421 171316045004.023
70Co27+        1954220.0367884769            4.0428e-11     2.590195643802 65144296088.609
127In49+       1954439.2739962225            8.6282e-11     2.589607289945 118197979285.902
171Dy66+       1954459.7159754448            7.5162e-08     2.589552431021 159202068837.057
171Ho66+       1954487.3571492992            9.2581e-07     2.589478252046 159197508417.241
127Sn49+       1954493.2934453650            3.2171e-10     2.589462321161 118191362445.841
171Er66+       1954507.0870729429            1.6124e-06     2.589425304023 159194253246.703
57Ti22+        1954783.7202545635            2.6258e-10     2.588682920004 53049537504.477
114Ru44+       1954795.9101983942            3.5581e-11     2.588650206576 106097734225.053
158Pm61+       1954822.0960155339            1.0459e-08     2.588579933256 147086047620.426
114Rh44+       1954846.0096714890            7.9143e-11     2.588515757600 106092223734.771
158Sm61+       1954862.6886082708            1.3248e-07     2.588470997329 147079857757.488
158Eu61+       1954876.2311460080            3.1196e-07     2.588434654025 147077792689.781
189Ta73+       1955027.4807111577            1.0718e-07     2.588028754561 175983528173.737
189W73+        1955048.9398659470            3.4987e-10     2.587971165904 175979612199.026
145Ba56+       1955244.2370637534            6.3695e-10     2.587447058427 134970719306.855
101Y39+        1955259.2408120593            2.1117e-11     2.587406793760 93996002486.018
145La56+       1955282.4949485331            4.3557e-09     2.587344388017 134965363642.051
145Ce56+       1955312.9996887299            3.0444e-08     2.587262524260 134961093328.511
101Zr39+       1955342.5567489462            2.6475e-11     2.587183203735 93987879848.078
176Er68+       1955427.1622015932            2.8930e-07     2.586956153112 163861921576.941
176Tm68+       1955443.6166638711            2.4785e-06     2.586911995251 163859124547.658
176Yb68+       1955468.2005373859            1.2614e-06     2.586846020971 163854945631.755
44Cl17+        1955636.5372199919            2.2479e-09     2.586394265826 40956582685.401
132Sb51+       1955778.1946210815            1.8371e-10     2.586014108282 122851688218.137
132Te51+       1955821.9832004132            8.0846e-10     2.585896595476 122846105631.941
132I51+        1955826.2724331599            9.3973e-10     2.585885084717 122845558799.596
163Eu63+       1955860.2168915491            2.5541e-08     2.585793989993 151745050350.268
163Gd63+       1955891.0906694282            3.3937e-07     2.585711135871 151740188128.865
88Se34+        1955905.7980653190            2.0087e-11     2.585671666507 81890280075.120
163Tb63+       1955911.7717915922            7.8315e-07     2.585655635173 151736931119.138
88Br34+        1955986.3211992644            1.2549e-11     2.585455571361 81883436169.809
119Pd46+       1956251.2324474787            6.8615e-11     2.584744644797 110753010168.836
119Ag46+       1956314.3863602157            1.8777e-10     2.584575162396 110745748064.229
181Yb70+       1956326.9582462879            9.3507e-07     2.584541423973 168523938458.899
181Lu70+       1956348.4989270358            1.2565e-06     2.584483616529 168520169148.781
150Ce58+       1956356.3682078763            1.5109e-09     2.584462498208 139629856342.520
181Hf70+       1956363.7479733729            1.3785e-07     2.584442693571 168517500784.429
150Pr58+       1956380.4606887435            5.6507e-08     2.584397842650 139626363219.165
150Nd58+       1956417.8504029738            9.3212e-08     2.584297502097 139620942155.029
75Cu29+        1956661.5272841083            3.8813e-11     2.583643560942 69792805951.846
75Zn29+        1956773.2226219391            9.6937e-12     2.583343810805 69784708703.678
168Tb65+       1956826.6901034259            7.3197e-08     2.583200323305 156405314513.358
168Dy65+       1956862.5582692944            7.6194e-07     2.583104066041 156399486414.201
106Nb41+       1956869.0887828108            3.5791e-11     2.583086540490 98651314415.425
168Ho65+       1956872.1233880571            1.0187e-06     2.583078396700 156397932209.818
106Mo41+       1956966.1081586264            5.5355e-11     2.582826175360 98641370744.601
137I53+        1956970.5110947751            3.9064e-10     2.582814359463 127511432499.365
137Xe53+       1957016.2465519521            2.0403e-09     2.582691621936 127505373048.052
137Cs53+       1957047.9217270988            2.7689e-09     2.582606617152 127501176431.391
31Mg12+        1957085.4420945321            5.2034e-08     2.582505925973 28867065371.375
186Hf72+       1957181.6391149147            6.2069e-07     2.582247767750 173185078184.012
186Ta72+       1957194.1259852322            3.7759e-08     2.582214257478 173182830731.604
155Nd60+       1957395.0586651864            1.3447e-08     2.581675026393 144288888178.390
155Pm60+       1957426.3863912707            1.4781e-07     2.581590954038 144284189404.690
155Sm60+       1957448.3615067110            2.9438e-07     2.581531980727 144280893407.584
124Cd48+       1957619.4904428162            1.3551e-10     2.581072732178 115404180937.126
124In48+       1957654.4457297637            4.3749e-10     2.580978924753 115399986646.547
62Cr24+        1957661.9998810748            2.0340e-10     2.580958652126 57699540111.350
93Kr36+        1957693.3811963939            2.8973e-11     2.580874435956 86546486080.169
173Ho67+       1957737.6179387686            2.0016e-07     2.580755720441 161065217824.482
173Er67+       1957763.6377570550            1.4492e-06     2.580685892602 161060859862.192
173Tm67+       1957779.5139922448            5.6872e-07     2.580643286494 161058200810.790
93Rb36+        1957787.8075310951            2.2748e-11     2.580621029617 86537988406.698
191W74+        1957986.9569597056            1.7736e-12     2.580086584137 177846803211.865
142Cs55+       1958057.4672397685            8.8692e-10     2.579897359892 132173740450.880
142Ba55+       1958111.0191644654            5.3214e-09     2.579753645776 132166377664.846
142La55+       1958127.1573316685            3.1077e-08     2.579710336736 132164158848.758
111Tc43+       1958344.7498385785            6.3607e-11     2.579126396664 103304953095.661
160Sm62+       1958370.0362128671            3.1240e-08     2.579058537125 148947408652.601
160Eu62+       1958391.3673846007            3.5907e-07     2.579001291928 148944102592.018
111Ru43+       1958417.1373923544            1.1774e-10     2.578932134491 103297172071.530
160Gd62+       1958420.3808754031            6.8065e-07     2.578923430148 148939605869.592
178Tm69+       1958585.9941059356            4.4782e-07     2.578478983770 165726801882.223
178Yb69+       1958617.8514414562            4.8084e-07     2.578393490133 165721306942.329
178Lu69+       1958622.0350383078            4.9196e-08     2.578382262863 165720585331.031
80Ga31+        1958746.7891189153            4.1511e-11     2.578047467755 74444508369.611
129Sn50+       1958867.0715218729            2.7758e-10     2.577724673023 120056753625.066
80Ge31+        1958879.9812838377            1.4783e-11     2.577690027862 74434186823.005
129Sb50+       1958899.6116735896            1.0634e-09     2.577637346952 120052686439.536
129Te50+       1958918.8588412171            1.0299e-09     2.577585694473 120050280740.805
147La57+       1959082.2141430089            2.0505e-09     2.577147307564 136834043822.233
147Ce57+       1959119.9259466776            6.5436e-08     2.577046102639 136828670330.737
147Pr57+       1959144.2808713547            1.0656e-07     2.576980742776 136825200038.470
49K19+         1959238.9836171931            1.5384e-09     2.576726594648 45603902001.150
165Gd64+       1959273.7150501367            8.2627e-08     2.576633387967 153607587009.086
165Tb64+       1959299.4185379357            7.2736e-07     2.576564409045 153603474788.164
98Sr38+        1959314.2078473635            4.3345e-11     2.576524719855 91200658286.250
165Dy64+       1959318.6389229398            7.1882e-07     2.576512828441 153600399778.658
98Y38+         1959376.1274944791            4.4376e-11     2.576358549780 91194776401.980
183Lu71+       1959389.8686786734            2.8474e-07     2.576321673381 170387801259.236
183Hf71+       1959410.3182081769            1.8319e-08     2.576266794195 170384171765.300
116Rh45+       1959679.3574704190            1.1556e-10     2.575544789525 107959703584.383
116Pd45+       1959760.4111775295            2.6151e-10     2.575327270511 107950585789.824
134Te52+       1960003.6916996418            5.8450e-10     2.574674393040 124711275259.606
134I52+        1960015.5439037886            2.7060e-09     2.574642585985 124709734599.373
152Pr59+       1960043.6892755858            1.7714e-08     2.574567053924 141493432385.723
134Xe52+       1960047.2022648174            3.1529e-09     2.574557626324 124705619349.813
67Fe26+        1960072.9170593589            1.3141e-10     2.574488617059 62351138350.279
152Nd59+       1960087.3036866160            1.6524e-07     2.574450008523 141486999787.450
152Pm59+       1960095.0874771103            2.8173e-07     2.574429119627 141485851772.468
170Dy66+       1960128.0224305401            1.6103e-07     2.574340734051 158266874940.579
188Ta73+       1960142.6646889136            1.4451e-11     2.574301439493 175050083622.996
170Ho66+       1960143.6613929260            1.0044e-06     2.574298764698 158264294723.316
170Er66+       1960167.4522519913            2.8390e-07     2.574234918584 158260369553.361
85As33+        1960569.7307500914            4.9033e-11     2.573155347700 79096999521.165
18N7+          1960668.1226543169            2.2433e-06     2.572891299197 16776429696.405
85Se33+        1960681.6897819145            2.3852e-11     2.572854889904 79087763658.210
103Zr40+       1960763.9451913433            6.9328e-11     2.572634145953 95855731082.689
103Nb40+       1960836.3216524988            8.7323e-11     2.572439913548 95848494029.878
121Ag47+       1960917.0220718978            2.2144e-10     2.572223342631 112612498963.137
175Er68+       1960918.8791150544            2.4360e-07     2.572218358995 162928406232.656
175Tm68+       1960940.7333811293            2.0775e-07     2.572159710001 162924691311.978
157Pm61+       1960951.6802884548            3.9520e-08     2.572130332436 146151362645.697
175Yb68+       1960955.1105422701            1.9236e-08     2.572121126868 162922247394.940
121Cd47+       1960974.0120640255            6.0085e-10     2.572070401978 112605803187.992
157Sm61+       1960980.6970595224            3.7789e-07     2.572052461853 146146937950.853
139Xe54+       1960990.6806718821            1.2799e-09     2.572025669426 129374630180.948
157Eu61+       1960999.2424172403            5.9420e-07     2.572002692780 146144110015.639
139Cs54+       1961028.3888189194            6.6651e-09     2.571924474315 129369539998.399
139Ba54+       1961059.8616789121            3.3262e-08     2.571840012472 129365291510.597
180Yb70+       1961670.9728774533            1.3027e-07     2.570200009688 167588812561.484
180Lu70+       1961682.4965470596            7.7760e-09     2.570169084301 167586796084.616
36Si14+        1961772.7144599429            2.1367e-08     2.569926971853 33514201848.818
162Eu63+       1961788.5957426154            9.5339e-08     2.569884352199 150811407222.705
162Gd63+       1961824.1873891228            6.9970e-07     2.569788837014 150805801997.904
162Tb63+       1961834.6560217855            5.0425e-07     2.569760742967 150804153323.421
144Ba56+       1961928.6775105915            2.8509e-09     2.569508423088 134034974358.087
144La56+       1961950.9582781969            7.7513e-08     2.569448629517 134031855306.327
144Ce56+       1961991.1105873589            1.0651e-07     2.569340875152 134026234443.851
126In49+       1962051.5182729829            4.4032e-10     2.569178762639 117265555803.490
54Sc21+        1962073.2113763147            1.0113e-09     2.569120546147 50255527978.359
108Mo42+       1962090.4025955843            1.1508e-10     2.569074411094 100509251026.666
126Sn49+       1962118.7312680669            1.4639e-09     2.568998387121 117257322886.539
108Tc42+       1962139.8626468347            1.7989e-10     2.568941678096 100504058147.005
90Br35+        1962148.2749553351            6.3471e-11     2.568919102484 83752645772.517
72Ni28+        1962191.7237890579            1.1725e-10     2.568802501432 66999075448.973
72Cu28+        1962271.2282976669            2.1234e-11     2.568589139910 66993510589.586
90Kr35+        1962273.6782808020            4.1163e-11     2.568582565036 83741673881.031
185Hf72+       1962367.5619665186            2.7369e-10     2.568330614972 172251688591.417
167Tb65+       1962578.5210141875            1.5344e-07     2.567764476720 155470718609.949
167Dy65+       1962603.6261542605            7.6457e-07     2.567697103549 155466639359.110
167Ho65+       1962618.5281679996            1.5876e-07     2.567657111900 155464217980.386
149Ce58+       1962793.5652683410            2.4088e-08     2.567187375243 138696539283.500
149Pr58+       1962823.9741753531            1.8730e-07     2.567105768667 138692130353.434
149Nd58+       1962847.2711444595            2.6691e-07     2.567043247977 138688752569.829
131Sb51+       1963103.0314026868            9.1265e-10     2.566356879380 121917848086.112
131Te51+       1963128.5964855850            3.5600e-09     2.566288271888 121914588805.243
131I51+        1963146.3487952035            1.2846e-08     2.566240631070 121912325571.310
113Ru44+       1963279.7020662217            2.0227e-10     2.565882758826 105164593619.874
172Ho67+       1963311.9681700072            1.6001e-07     2.565796168202 160131590700.917
172Er67+       1963342.1399501483            1.1601e-07     2.565715197990 160126537342.025
113Rh44+       1963342.6213618680            3.8591e-10     2.565713906054 105157673064.710
172Tm67+       1963347.8002343052            8.2286e-09     2.565700007822 160125589322.149
95Rb37+        1963567.8213166334            9.2756e-11     2.565109550327 88407213970.762
154Nd60+       1963627.5016270252            5.1543e-08     2.564949389827 143354098369.600
154Pm60+       1963645.7002102402            4.0678e-07     2.564900551371 143351368805.891
95Sr37+        1963667.7388289713            7.6178e-11     2.564841407641 88397972358.512
154Sm60+       1963673.9275850446            5.1858e-07     2.564824799244 143347135046.761
77Zn30+        1963975.2817896022            1.1501e-10     2.564016072885 71650967810.797
177Tm69+       1964005.7030919322            6.0282e-08     2.563934433045 164791978720.359
136I53+        1964025.3004137985            1.8771e-09     2.563881840878 126576749541.321
177Yb69+       1964025.8499344834            3.1849e-09     2.563880366162 164788503674.908
77Ga30+        1964071.4545414422            3.0438e-11     2.563757979790 71643755445.690
136Cs53+       1964077.0797135676            4.3555e-08     2.563742883850 126569889346.511
136Xe53+       1964077.5028113751            8.8693e-09     2.563741748407 126569833290.647
59V23+         1964385.7557584157            7.2295e-10     2.562914508304 54908808336.528
118Pd46+       1964386.4652612160            3.7111e-10     2.562912604253 109817535086.922
159Sm62+       1964392.9085062617            1.1126e-07     2.562895312900 148013939974.303
159Eu62+       1964417.9513428255            6.6916e-07     2.562828106928 148010058652.832
118Ag46+       1964422.8949312966            8.6062e-10     2.562814840114 109813346018.289
159Gd62+       1964434.5113004476            6.0911e-07     2.562783665955 148007492069.813
182Lu71+       1964649.7249054406            1.8214e-09     2.562206110001 169454253312.661
100Y39+        1964837.0562765037            1.3754e-10     2.561703379940 93062242029.333
141Cs55+       1964861.3471441572            4.0592e-09     2.561638191983 131238283654.193
141Ba55+       1964899.8246749432            9.4409e-08     2.561534932121 131232993427.411
141La55+       1964923.3500528850            1.0554e-07     2.561471798463 131229758953.111
100Zr39+       1964930.0683417411            1.4317e-10     2.561453768991 93053174096.375
164Gd64+       1965115.8308822832            1.5713e-07     2.560955249107 152672925100.943
164Tb64+       1965131.2099503677            6.2319e-07     2.560913977217 152670464651.761
164Dy64+       1965155.6759265992            9.2873e-08     2.560848319331 152666550416.459
41S16+         1965219.6118593295            1.0489e-08     2.560676738271 38164080376.451
123Cd48+       1965388.5335487544            7.1426e-10     2.560223413178 114471972188.300
123In48+       1965438.8776717340            1.9881e-09     2.560088307648 114465931388.777
82Ge32+        1965561.6719862248            1.2559e-10     2.559758771849 76300798185.975
82As32+        1965620.4390130122            4.6967e-11     2.559601062273 76296097209.225
146La57+       1965637.3955643664            3.3177e-08     2.559555556985 135900007043.441
146Ce57+       1965682.6110725547            2.1384e-07     2.559434214814 135893564361.704
146Pr57+       1965690.2448125086            2.5114e-07     2.559413728600 135892476642.934
169Dy66+       1965785.3350511000            1.1810e-07     2.559158540581 157333494878.100
169Ho66+       1965805.0497128861            2.3668e-07     2.559105633516 157330242225.562
169Er66+       1965818.2648826549            3.7763e-09     2.559070168751 157328061901.297
105Nb41+       1965993.8062462530            2.1857e-10     2.558599078832 97716107545.099
105Mo41+       1966066.3349915557            2.8338e-10     2.558404437751 97708673958.123
128Sn50+       1966341.8029457526            1.4337e-09     2.557665180783 119122488789.529
128Sb50+       1966352.1783555017            4.8047e-09     2.557637336912 119121191969.626
64Mn25+        1966363.5771585845            4.4176e-10     2.557606746622 59559883618.021
151Pr59+       1966379.9077652292            6.8012e-08     2.557562921145 140558916771.508
128Te50+       1966387.3343601879            1.6425e-08     2.557542990833 119116797829.278
151Nd59+       1966408.4152311850            4.3156e-07     2.557486417353 140554712264.971
174Er68+       1966418.1033897127            3.1487e-08     2.557460417818 161993614741.588
151Pm59+       1966425.2727886359            4.4079e-07     2.557441177729 140552225979.077
174Tm68+       1966429.7007865694            1.3529e-09     2.557429294574 161991643345.740
87Se34+        1966895.3569564479            1.5128e-10     2.556179640801 80956244143.056
87Br34+        1966983.3370371952            7.6405e-11     2.555943533890 80948766449.225
179Yb70+       1967005.2033581289            9.1654e-10     2.555884852545 166655398750.045
110Tc43+       1967029.2188596723            3.6528e-10     2.555820403571 102371449205.958
156Pm61+       1967072.5999734628            1.3178e-07     2.555703984256 145217998912.308
156Sm61+       1967106.9506293482            6.4011e-07     2.555611799443 145212760866.708
156Eu61+       1967111.9908006988            4.5904e-07     2.555598273435 145211992303.585
110Ru43+       1967113.4903223079            5.8387e-10     2.555594249258 102362390766.349
133Te52+       1967172.7207797349            2.9614e-09     2.555435296002 123779377877.554
23F9+          1967186.1810371587            8.3066e-07     2.555399173509 21423051032.457
133I52+        1967195.4237292095            1.1624e-08     2.555374369446 123776426736.062
133Xe52+       1967209.4182405337            4.4638e-08     2.555336813208 123774607598.725
161Eu63+       1967722.8133632650            1.6275e-07     2.553959045246 149876844564.316
161Gd63+       1967746.7009785192            5.1019e-07     2.553894939474 149873082573.327
161Tb63+       1967759.4352435481            5.2187e-08     2.553860765284 149871077090.998
138Xe54+       1967923.2612657468            2.2193e-08     2.553421115130 128438808520.855
138Cs54+       1967945.1035342310            1.1674e-07     2.553362498333 128435860056.329
138Ba54+       1967985.1841182208            1.0983e-07     2.553254936453 128430449621.046
115Rh45+       1967991.0387090372            6.4327e-10     2.553239224836 107024716096.730
46Ar18+        1967993.6430585082            6.5687e-09     2.553232235698 42809769252.573
115Pd45+       1968046.3241695438            1.2596e-09     2.553090858533 107018496992.275
69Co27+        1968078.2763117680            3.7086e-10     2.553005110469 64208941602.566
92Kr36+        1968095.6486755579            1.9595e-10     2.552958489289 85610358752.182
92Rb36+        1968162.5085699356            1.3076e-10     2.552779061367 85604341854.962
166Tb65+       1968323.1131416427            9.7806e-08     2.552348056428 154537298912.399
166Dy65+       1968352.8175793395            1.5577e-07     2.552268340395 154532472336.964
166Ho65+       1968356.1362464824            1.8801e-09     2.552259434285 154531933097.760
143Ba56+       1968598.2533748208            4.6643e-08     2.551609678945 133101310280.292
143La56+       1968628.7614724794            2.4421e-07     2.551527806178 133097039496.745
143Ce56+       1968653.5741646863            2.3041e-07     2.551461217831 133093566004.598
120Ag47+       1968855.9084609223            1.1950e-09     2.550918225312 111679756280.086
171Ho67+       1968891.6980782973            1.8811e-08     2.550822178844 159197062555.313
171Er67+       1968911.1292803448            6.2141e-10     2.550770032483 159193808095.775
120Cd47+       1968926.8131888150            2.8295e-09     2.550727942510 111671425657.516
97Sr38+        1969142.9323747947            2.8036e-10     2.550147956302 90267005998.374
97Y38+         1969222.4157907849            2.4108e-10     2.549934651385 90259455692.841
148Ce58+       1969243.9044224310            9.1686e-08     2.549876983622 137761316777.116
148Pr58+       1969258.9160388748            4.5244e-07     2.549836697840 137759140271.165
148Nd58+       1969292.8100899099            3.7059e-07     2.549745738390 137754226036.641
176Tm69+       1969416.5569912468            4.6809e-10     2.549413646190 163858682935.730
74Cu29+        1969531.9615885129            3.3530e-10     2.549103941735 68859775955.991
74Zn29+        1969666.5803289392            6.4567e-11     2.548742673426 68850016897.372
125In49+       1969677.4244892658            2.3056e-09     2.548713571598 116331458870.678
125Sn49+       1969722.3955916257            6.4677e-09     2.548592885325 116325950362.235
153Nd60+       1969849.6435445794            1.5277e-07     2.548251397560 142420853590.789
153Pm60+       1969872.0466340180            5.9583e-07     2.548191275721 142417493402.846
153Sm60+       1969885.0933927412            3.3272e-07     2.548156262911 142415536549.463
102Zr40+       1970117.3762840431            4.2032e-10     2.547532899128 94920464647.980
51Ca20+        1970128.8173064988            3.9816e-09     2.547502195536 47459660319.761
102Nb40+       1970164.7223437293            4.5913e-10     2.547405839323 94915730430.129
130Sb51+       1970411.8523269694            4.5902e-09     2.546742631282 120986049808.502
158Sm62+       1970422.6802261625            1.6146e-07     2.546713573093 147079401972.560
158Eu62+       1970436.0000129372            4.6555e-07     2.546677827573 147077337574.853
130I51+        1970448.8098630137            4.7763e-08     2.546643450541 120981338108.928
130Te51+       1970451.8316310437            5.6934e-08     2.546635341201 120980952865.087
158Gd62+       1970458.3735826863            2.7327e-08     2.546617784955 147073869955.822
79Ga31+        1970809.9545403679            3.3782e-10     2.545674268045 73509689687.301
79Ge31+        1970900.1391185045            9.3480e-11     2.545432245056 73502700955.442
163Gd64+       1970948.7396900817            8.5296e-08     2.545301818592 151739736195.937
163Tb64+       1970969.0933381068            1.0502e-07     2.545247196717 151736479879.210
107Mo42+       1970979.6044164221            6.7007e-10     2.545218988761 99575961347.981
163Dy64+       1970980.5734912406            9.0305e-10     2.545216388113 151734643205.282
107Tc42+       1971038.8887023039            9.0797e-10     2.545059891048 99569737008.244
135I53+        1971087.9771668718            3.4163e-08     2.544928155255 125641021583.935
135Xe53+       1971108.1032765545            1.5082e-07     2.544874144011 125638355093.006
135Cs53+       1971117.1821332199            1.1230e-07     2.544849779623 125637152243.109
28Na11+        1971132.0270285159            2.9270e-07     2.544809941261 26075227170.056
168Dy66+       1971449.1714024844            1.2504e-08     2.543958839763 156399038488.273
168Ho66+       1971458.5872433337            3.2020e-10     2.543933571031 156397485001.890
140Cs55+       1971655.1141713129            6.6385e-08     2.543406163401 130304217264.138
140Ba55+       1971700.5960950041            2.8270e-07     2.543284106267 130297964012.282
140La55+       1971708.4605758816            2.0360e-07     2.543263000827 130296882734.806
112Ru44+       1971782.7359942466            1.1462e-09     2.543063672304 104229336561.583
56Ti22+        1971812.6643623137            2.6554e-09     2.542983355322 52113022355.483
112Rh44+       1971820.2082257913            1.8848e-09     2.542963110304 104225214954.008
84As33+        1971893.7913762720            3.7183e-10     2.542765639579 78162841103.229
173Er68+       1971907.9571624387            2.5027e-10     2.542727623701 161060416105.264
84Se33+        1972016.2927245889            1.4451e-10     2.542436889995 78152735570.459
145La57+       1972200.0960268339            1.2336e-07     2.541943628002 134964898889.123
145Ce57+       1972230.0614273869            4.7861e-07     2.541863211639 134960629169.583
145Pr57+       1972248.3017464408            2.9106e-07     2.541814261179 134958030137.190
117Pd46+       1972496.0825144425            2.0504e-09     2.541149306666 108885005552.986
117Ag46+       1972546.3618735804            4.0908e-09     2.541014374940 108879223900.674
150Pr59+       1972705.9506075387            1.7889e-07     2.540586096145 139625901942.238
150Pm59+       1972742.4352327334            2.3689e-07     2.540488184525 139620520901.167
150Nd59+       1972742.7024144055            5.4384e-07     2.540487467506 139620481495.101
89Br35+        1972843.6427563939            4.5390e-10     2.540216579912 82816877805.601
89Kr35+        1972938.2157871614            2.3698e-10     2.539962779894 82808603343.762
122Cd48+       1973178.2738038083            3.7857e-09     2.539318550469 113537279985.178
155Pm61+       1973199.4442566407            1.6452e-07     2.539261736584 144283731751.762
122In48+       1973203.1502213459            9.0345e-09     2.539251791107 113534295059.782
61Cr24+        1973215.5731087374            1.9285e-09     2.539218452543 56766402217.749
155Sm61+       1973221.0549272215            3.6186e-07     2.539203741312 144280436394.656
155Eu61+       1973232.0301669817            1.3696e-08     2.539174287714 144278762807.796
160Eu63+       1973648.3521254009            7.0903e-08     2.538057029231 148943648714.090
94Rb37+        1973667.7464076863            6.0693e-10     2.538004981949 87473047484.224
160Tb63+       1973676.5469550770            3.9614e-10     2.537981364443 148939208392.441
160Gd63+       1973676.9008810844            6.9377e-08     2.537980414633 148939152653.664
94Sr37+        1973779.0805515486            4.1622e-10     2.537706201127 87462749920.127
127Sn50+       1973795.2311439407            7.2518e-09     2.537662858743 118190886638.913
127Sb50+       1973821.2901892012            7.4029e-08     2.537592925632 118187629525.278
127Te50+       1973834.1904561261            5.1067e-08     2.537558305953 118186017124.100
33Al13+        1973963.3134144766            1.2141e-07     2.537211786348 30724168300.126
165Tb65+       1974072.9633962167            8.9068e-09     2.536917525212 153603024839.236
165Dy65+       1974091.8838549505            1.5753e-10     2.536866749502 153599950516.730
132Te52+       1974355.9639826408            5.1701e-08     2.536158053367 122845632811.013
132I52+        1974360.1664605613            1.8590e-07     2.536146775427 122845086533.668
132Xe52+       1974387.9251070842            1.0743e-07     2.536072281198 122841478205.436
99Y39+         1974425.7037545454            8.5600e-10     2.535970896888 92127425537.897
170Ho67+       1974463.5798705269            1.4376e-10     2.535869251008 158263848861.388
66Fe26+        1974471.8425368506            1.1964e-09     2.535847076982 61415284916.926
99Zr39+        1974497.3955563856            7.5683e-10     2.535778501863 92120436160.217
137Xe54+       1974841.6444856913            9.4913e-08     2.534854661482 127504903349.124
137Cs54+       1974872.7288016875            3.1935e-07     2.534771242352 127500707310.463
137Ba54+       1974881.7020360362            1.8303e-07     2.534747161416 127499496023.129
104Nb41+       1975100.7913450005            1.2956e-09     2.534159204466 96782718093.160
104Mo41+       1975184.2235261598            1.4436e-09     2.533935302482 96774166995.623
142Ba56+       1975280.2229377232            1.6380e-07     2.533677674570 132165911226.918
142La56+       1975296.0686301598            4.6993e-07     2.533635150428 132163693011.830
142Ce56+       1975328.5536227953            1.9925e-07     2.533547972385 132159145485.674
71Ni28+        1975516.7328154403            1.0144e-09     2.533042967075 66066401279.168
71Cu28+        1975621.2102369808            1.6528e-10     2.532762587232 66059088459.177
147Ce58+       1975679.6697813086            2.0034e-07     2.532605702829 136828207297.809
147Pr58+       1975703.6004965873            5.5169e-07     2.532541481391 136824737628.542
147Nd58+       1975722.5284135188            1.5271e-07     2.532490685666 136821993305.571
109Tc43+       1975725.2086158348            2.0650e-09     2.532483492967 101436706938.758
109Ru43+       1975785.4554246338            2.8971e-09     2.532321812189 101430230937.725
38P15+         1976002.6430491742            4.9023e-08     2.531738958676 35374494830.933
152Nd60+       1976078.9094291532            1.6182e-07     2.531534287127 141486540304.522
152Pm60+       1976086.5591827861            2.5883e-07     2.531513757938 141485392935.540
152Sm60+       1976110.2498347422            6.7180e-09     2.531450180744 141481839629.052
114Rh45+       1976284.8301365615            3.5106e-09     2.530981669969 106091741047.843
114Pd45+       1976354.1921138796            5.9945e-09     2.530795527355 106083938465.062
157Sm62+       1976442.0111217487            5.7110e-08     2.530559852706 146146482165.925
76Zn30+        1976443.0747966119            9.3769e-10     2.530556998185 70715959988.630
157Eu62+       1976460.2530378595            4.3268e-08     2.530510897961 146143654900.711
157Gd62+       1976469.3690991504            1.6275e-10     2.530486433729 146142242027.041
76Ga30+        1976496.4503859829            1.9248e-10     2.530413757290 70711957147.587
162Gd64+       1976789.1317735317            6.1013e-09     2.529628305654 150805350064.976
162Tb64+       1976799.4325022034            6.1484e-11     2.529600662201 150803702083.493
119Ag47+       1976809.6519464392            6.3560e-09     2.529573236886 110745268031.301
119Cd47+       1976855.2382328901            1.2843e-08     2.529450899680 110739912081.732
167Dy66+       1977103.2534104059            8.5886e-11     2.528785316097 155466191433.182
81Ge32+        1977217.2602255745            9.6604e-10     2.528479362786 75368427563.984
124In49+       1977285.7989846959            1.1659e-08     2.528295429394 115399509397.619
81As32+        1977295.4196711911            2.8343e-10     2.528269610930 75362175320.903
124Sn49+       1977346.1374467465            1.1775e-07     2.528133502651 115392118541.931
43Cl17+        1977642.4479304720            2.4920e-08     2.527338311826 40021408147.232
129Sb51+       1977736.6700314749            8.0845e-08     2.527085453576 120052212108.608
129Te51+       1977755.5356621433            2.2204e-07     2.527034825005 120049806937.877
129I51+        1977767.5666026599            1.0206e-07     2.527002538286 120048273118.706
86Se34+        1977902.9774626538            1.0924e-09     2.526639144213 80020673099.562
86Br34+        1977963.4674498360            4.3930e-10     2.526476810831 80015531872.137
134I53+        1978120.6915023141            1.4103e-07     2.526054877991 124709263321.445
134Cs53+       1978142.6879490351            1.5744e-07     2.525995847435 124706349031.172
134Xe53+       1978151.7483844925            3.6642e-07     2.525971532483 124705148621.885
139Cs55+       1978456.7288353206            2.1858e-07     2.525153074583 129369071912.471
91Kr36+        1978470.9285922244            1.3433e-09     2.525114967539 84676660105.712
139Ba55+       1978487.6252938800            4.5264e-07     2.525070159594 129364823997.669
139La55+       1978504.6854989452            1.4155e-07     2.525024376136 129362478411.768
91Rb36+        1978546.3220127455            7.2380e-10     2.524912638700 84669875254.098
144La57+       1978751.5687717663            2.0072e-07     2.524361830178 134031390553.399
144Ce57+       1978791.0124856890            4.3701e-07     2.524255977428 134025770284.923
144Pr57+       1978793.5302176920            9.0766e-08     2.524249220741 134025411537.524
48K19+         1978907.2693653794            1.6090e-08     2.523943985753 44669735012.537
96Sr38+        1978994.5986464443            1.8110e-09     2.523709625355 89331174423.459
149Pr59+       1979040.2520011549            1.4835e-07     2.523587108161 138691669076.506
96Y38+         1979051.7324243416            1.2955e-09     2.523556298832 89325747159.494
149Nd59+       1979063.1499229847            1.7425e-07     2.523525658370 138688291909.901
149Pm59+       1979074.8937970065            2.9528e-09     2.523494142034 138686559830.482
154Pm61+       1979316.8021113647            4.2690e-08     2.522844947076 143350911152.963
154Eu61+       1979340.1638745980            4.7582e-11     2.522782252501 143347348776.119
154Sm61+       1979344.5625452544            2.5029e-08     2.522770448050 143346678033.833
101Zr40+       1979448.8768501976            2.5717e-09     2.522490505953 93987391086.150
101Nb40+       1979506.3603704118            2.3475e-09     2.522336240848 93981643205.348
159Eu63+       1979579.2760207972            3.8732e-09     2.522140561453 148009604774.904
159Gd63+       1979595.5689184300            6.3218e-10     2.522096837172 148007038853.885
164Tb65+       1979815.0349407652            5.1670e-11     2.521507869259 152670014702.833
106Mo42+       1979885.8300291924            3.9525e-09     2.521317880690 98640884317.673
53Sc21+        1979899.9226729257            1.0019e-08     2.521280061100 49319702355.691
106Tc42+       1979920.7623913861            4.4993e-09     2.521224134786 98637216720.318
111Ru44+       1980262.0534025661            6.2927e-09     2.520308232394 103296688106.602
111Rh44+       1980312.4209307996            8.9570e-09     2.520173064054 103291148132.672
116Pd46+       1980626.3241118609            1.0677e-08     2.519330660753 107950104413.896
58V23+         1980636.0264470347            6.8248e-09     2.519304623173 53974494368.408
116Ag46+       1980650.1109463451            1.8441e-08     2.519266825440 107947369152.171
121Cd48+       1980945.2059557675            1.8538e-08     2.518474896511 112605324530.064
121In48+       1980985.0984336908            1.5248e-07     2.518367839440 112600537825.134
126Sn50+       1981268.1602101887            1.2322e-07     2.517608203383 117256847079.611
126Sb50+       1981271.4116628552            2.5901e-07     2.517599477652 117256440681.345
126Te50+       1981301.0239295461            9.1402e-08     2.517520008973 117252739451.441
63Mn25+        1981331.0764755963            5.0522e-09     2.517439358742 58624491595.564
131Te52+       1981522.0654738666            2.0096e-07     2.516926812925 121914115984.315
131I52+        1981539.4721233346            3.6847e-07     2.516880099735 121911853305.382
131Xe52+       1981547.1935467189            1.2317e-07     2.516859378210 121910849602.627
136Cs54+       1981771.7171958145            4.5706e-07     2.516256837444 126569420225.583
136Xe54+       1981772.1367403099            2.9408e-07     2.516255711538 126569363591.719
136Ba54+       1981790.8586380337            1.1315e-07     2.516205468694 126566836342.714
68Co27+        1981897.9446677268            3.2133e-09     2.515918088284 63276190456.892
141Ba56+       1981947.7997783709            2.1923e-07     2.515784295088 131232526989.483
141La56+       1981970.9007670693            3.3632e-07     2.515722300338 131229293116.183
141Ce56+       1981989.0436483368            4.7583e-08     2.515673611367 131226753321.022
146Ce58+       1982129.2051636360            1.2766e-07     2.515297468243 135893101328.776
146Pr58+       1982136.7029904795            1.0904e-07     2.515277346771 135892014233.006
146Nd58+       1982166.3195659195            9.0480e-09     2.515197866528 135887720181.600
151Nd60+       1982294.6691146456            3.1890e-08     2.514853422477 140554252782.043
151Pm60+       1982311.2414057862            1.3306e-08     2.514808948404 140551767142.149
151Sm60+       1982319.4755353602            3.1835e-12     2.514786850961 140550532123.961
73Cu29+        1982422.3318457138            2.7587e-09     2.514510821597 67925300722.040
156Sm62+       1982469.4541501261            2.1825e-09     2.514384362271 145212305081.780
156Eu62+       1982474.4087054555            2.9683e-10     2.514371066025 145211537188.657
73Zn29+        1982513.5740485785            4.7038e-10     2.514265960323 67918686204.601
161Gd64+       1982619.1060880932            2.1390e-11     2.513982750264 149872630640.399
78Ga31+        1982845.1312246225            2.6129e-09     2.513376180045 72577039954.311
78Ge31+        1982950.5318567790            5.6700e-10     2.513093322636 72568872074.934
83As33+        1983231.8088687423            2.7367e-09     2.512338476245 77227531338.213
83Se33+        1983300.6942999538            8.3656e-10     2.512153612510 77221848756.004
88Br35+        1983518.0686213651            3.1349e-09     2.511570257970 81882942107.881
88Kr35+        1983620.8001005426            1.3160e-09     2.511294563608 81873953840.324
93Rb37+        1983782.6416331260            3.9390e-09     2.510860239111 86537496373.770
93Sr37+        1983863.5193880184            2.1762e-09     2.510643192289 86530015794.711
98Y39+         1983997.1449750245            5.3209e-09     2.510284589247 91194286519.052
98Zr39+        1984089.5571471637            3.9165e-09     2.510036588196 91185277070.877
103Nb41+       1984220.6772210037            7.7469e-09     2.509684709051 95848006419.950
103Mo41+       1984278.6723234218            7.1572e-09     2.509529071043 95842062409.251
108Tc43+       1984406.2365546429            1.1717e-08     2.509186734502 100503572935.077
108Ru43+       1984478.4187296489            1.3649e-08     2.508993023491 100495813987.354
113Rh45+       1984592.6282338209            1.8750e-08     2.508686526236 105157190377.782
113Pd45+       1984635.7079198663            9.5900e-08     2.508570915844 105152344310.390
118Ag47+       1984745.6390585611            1.1085e-07     2.508275900184 109812865985.361
118Cd47+       1984806.6875975428            1.9433e-07     2.508112067850 109805693370.052
123In49+       1984911.3649686663            1.8696e-07     2.507831151414 114465454139.848
123Sn49+       1984947.3908357753            2.8816e-07     2.507734470937 114461041332.896
128Sb51+       1985043.1079549184            2.8277e-07     2.507477600596 119120717638.698
128I51+        1985067.9678478311            8.9068e-08     2.507410885580 119117548262.182
128Te51+       1985077.5704846631            4.3051e-07     2.507385115554 119116324026.350
133I53+        1985165.1018970662            3.6638e-07     2.507150212708 123775955458.134
133Xe53+       1985178.8282097236            4.0232e-07     2.507113376219 123774136870.797
133Cs53+       1985182.3124133272            7.1586e-08     2.507104025869 123773675251.664
138Cs55+       1985247.6851012625            2.2576e-07     2.506928589074 128435391970.401
138La55+       1985274.5861268865            2.4099e-08     2.506856396391 128431693382.594
138Ba55+       1985287.0327797472            2.3334e-07     2.506822994049 128429982108.118
143La57+       1985312.2175240442            9.9657e-08     2.506755407248 133096574743.817
143Ce57+       1985336.5907370986            6.1114e-08     2.506689998305 133093101845.670
143Pr57+       1985347.1314015263            3.8772e-09     2.506661710951 133091599924.119
148Pr59+       1985366.1270534305            2.1465e-08     2.506610733450 137758678994.237
148Nd59+       1985399.4424456309            6.6700e-09     2.506521326913 137753765376.713
153Pm61+       1985441.0772822937            1.2714e-09     2.506409593977 142417035749.918
153Sm61+       1985453.9059626609            1.2158e-10     2.506375166411 142415079536.535
158Eu63+       1985501.8001088437            1.2983e-11     2.506246635739 147076883696.925
10Be4+         1986772.9972340690            7.8444e-05     2.502835199605 9325503908.709 
15C6+          1987375.5568113422            1.1315e-05     2.501218146298 13979218210.325
20O8+          1987843.9627882126            4.1447e-06     2.499961113032 18629590262.179
25Ne10+        1988115.1755004884            1.6248e-06     2.499233275603 23280208065.732
30Mg12+        1988329.7774400283            5.9999e-07     2.498657361140 27929812148.450
35Si14+        1988444.8825411862            2.2732e-07     2.498348460424 32580752491.568
155Sm62+       1988484.9438625497            2.1619e-12     2.498240950238 144279980609.728
150Pm60+       1988523.1178091490            2.9312e-11     2.498138505088 139620062064.239
150Nd60+       1988523.3848448128            6.1354e-10     2.498137788460 139620022012.173
145Ce58+       1988563.7684433847            1.2505e-08     2.498029413398 134960166136.655
145Pr58+       1988581.6899772752            2.9123e-09     2.497981318443 134957567727.262
40S16+         1988604.6106318077            1.0866e-07     2.497919807646 37228757104.772
140Ba56+       1988627.1288516456            7.1452e-08     2.497859376838 130297497574.354
140La56+       1988634.8486021552            3.3087e-08     2.497838659803 130296416897.878
140Ce56+       1988661.9990236212            1.3979e-09     2.497765797831 130292616150.463
135Xe54+       1988672.5409005787            2.0953e-07     2.497737507223 125637885394.077
135Cs54+       1988681.4473484359            1.4874e-07     2.497713605518 125636683122.181
135Ba54+       1988683.7020351887            1.1350e-08     2.497707554749 125636378764.421
45Ar18+        1988695.1967010845            5.7479e-08     2.497676707198 41878275703.911
130I52+        1988701.5012475331            3.2210e-07     2.497659788062 120980865843.000
130Te52+       1988704.4691742207            4.4726e-07     2.497651823213 120980480044.159
125Sn50+       1988719.7512472761            3.8137e-07     2.497610811623 116325474555.307
130Xe52+       1988724.4042229643            4.0104e-08     2.497598324708 120977888700.265
115Pd46+       1988732.1085605710            1.8561e-07     2.497577649036 107018015616.347
120Cd48+       1988732.3237237907            2.8570e-07     2.497577071615 111670946999.588
125Sb50+       1988738.8714869271            3.9417e-07     2.497559499772 116323084721.273
125Te50+       1988745.2471989540            6.0902e-08     2.497542389653 116322287822.600
120In48+       1988747.2943188767            3.5443e-07     2.497536895919 111669150675.443
110Ru44+       1988760.7619477483            3.3777e-08     2.497500753644 102361906801.421
105Mo42+       1988769.3847946716            2.2578e-08     2.497477613023 97708187531.195
115Ag46+       1988771.9412896063            2.3766e-07     2.497470752310 107013435228.015
110Rh44+       1988786.0139493055            1.3696e-07     2.497432986350 102359129308.953
55Ti22+        1988794.1195872461            2.4888e-08     2.497411233731 51179118880.935
100Zr40+       1988796.7006531721            1.5630e-08     2.497404307078 93052685334.447
60Cr24+        1988815.2852156695            1.7338e-08     2.497354432793 55830496218.326
105Tc42+       1988816.7683312118            2.1132e-08     2.497350452644 97703212667.705
65Fe26+        1988821.3889517968            1.2044e-08     2.497338052559 60482640859.528
95Sr38+        1988823.7521669327            1.1383e-08     2.497331710539 88397481384.584
50Ca20+        1988825.3684052853            3.8834e-08     2.497327373136 46524909397.119
100Nb40+       1988831.0623639706            1.1653e-08     2.497312092598 93049249445.047
90Kr36+        1988865.9950324467            8.9820e-09     2.497218345873 83741180818.103
75Zn30+        1988867.4252119381            7.3711e-09     2.497214507785 69784210093.750
70Ni28+        1988879.2801351922            8.4388e-09     2.497182693432 65131099644.232
85Se34+        1988885.1068061104            7.6206e-09     2.497167056742 79087268627.282
95Y38+         1988888.0330017207            6.6539e-09     2.497159203885 88391375205.873
80Ge32+        1988902.4383770048            7.1418e-09     2.497120545036 74433689943.077
90Rb36+        1988915.1111714728            3.8658e-09     2.497086535811 83736760727.956
70Cu28+        1988933.1478805174            1.0067e-09     2.497038131768 65127329211.165
80As32+        1988936.0650327699            1.6330e-09     2.497030303180 74431000031.139
75Ga30+        1988946.2441989759            1.3487e-09     2.497002985956 69778299154.310
85Br34+        1988957.7477587808            2.4513e-09     2.496972114537 79081094652.456
147Pr59+       1991701.5795711819            3.0196e-10     2.489608656263 136824276351.614
142La57+       1991862.5543807128            6.9961e-09     2.489176657739 132163228258.902
142Ce57+       1991894.4652924333            1.0233e-09     2.489091020323 132158681326.746
137Cs55+       1992049.3535456741            4.9164e-08     2.488675355928 127500239224.535
137La55+       1992054.2070445956            4.5019e-10     2.488662330882 127499571923.139
137Ba55+       1992058.1594626929            1.6446e-08     2.488651724012 127499028510.201
132I53+        1992194.6608032982            1.7540e-07     2.488285403481 122844615255.740
132Cs53+       1992206.1014117470            4.8596e-09     2.488254701001 122843099499.384
132Xe53+       1992221.8915504899            8.7801e-08     2.488212325944 122841007477.508
127Sb51+       1992365.7666154080            5.0585e-07     2.487826216988 118187155194.350
127Te51+       1992378.4097944067            2.3930e-07     2.487792287241 118185543321.172
127I51+        1992384.1690744194            1.9933e-08     2.487776831403 118184809073.165
122In49+       1992517.1829764496            4.9868e-07     2.487419869904 113533817810.854
122Sn49+       1992569.3974604760            3.3246e-07     2.487279744998 113527422060.894
117Ag47+       1992696.2662786685            4.3059e-07     2.486939274695 108878743867.746
117Cd47+       1992732.5351965094            3.5469e-07     2.486841941957 108874482619.243
112Rh45+       1992881.8242785458            3.3009e-07     2.486441303725 104224732267.080
112Pd45+       1992940.6068624936            3.0110e-07     2.486283552400 104218119768.489
107Tc43+       1993098.3085157985            6.1994e-08     2.485860337850 99569251796.316
107Ru43+       1993146.0610161698            2.2402e-07     2.485732187305 99564118823.335
102Nb41+       1993321.5559441554            4.4224e-08     2.485261222002 94915242820.201
102Mo41+       1993392.5953947275            3.2982e-08     2.485070577653 94907961873.421
97Y39+         1993590.9643406556            3.2399e-08     2.484538226709 90258965809.913
97Zr39+        1993661.1001046817            1.9213e-08     2.484350007530 90252128133.483
92Rb37+        1993876.9453465927            2.5097e-08     2.483770756489 85603849822.034
92Sr37+        1993964.6234141029            1.1330e-08     2.483535460073 85595740265.623
87Br35+        1994200.8840067834            2.0984e-08     2.482901421570 80948272387.297
87Kr35+        1994278.9565095813            7.0047e-09     2.482691903036 80941441603.301
82As33+        1994528.8573530831            1.9424e-08     2.482021259003 76295601239.297
82Se33+        1994619.7719280086            5.5178e-09     2.481777276964 76288101401.714
77Ga31+        1994894.9224689458            1.9412e-08     2.481038871819 71643257685.762
77Ge31+        1994962.4173586019            3.8829e-09     2.480857739798 71638027260.612
144Ce58+       1995011.5996558538            5.7616e-11     2.480725752191 134025307251.995
72Cu29+        1995282.5524511558            2.1654e-08     2.479998612286 66993011158.658
139Ba56+       1995292.9611005415            3.2631e-09     2.479970679213 129364357559.741
139La56+       1995309.7123658787            3.5956e-10     2.479925724838 129362012574.840
72Zn29+        1995398.0245294475            2.8146e-09     2.479688726736 66984640119.252
134Cs54+       1995576.8512046991            7.2158e-09     2.479208820222 124705879910.244
134Xe54+       1995585.7481361472            3.1141e-08     2.479184944056 124704678922.957
134Ba54+       1995592.3672579692            1.2781e-10     2.479167180712 124703785414.762
67Co27+        1995753.4981769256            3.0695e-08     2.478734763247 62341017261.937
129Te52+       1995867.7173585680            1.2546e-07     2.478428240021 120049334116.949
129I52+        1995879.5126652634            4.6021e-08     2.478396585658 120047800852.778
129Xe52+       1995881.2185708852            1.7298e-09     2.478392007620 120047579103.227
124Sb50+       1996186.3458102243            1.4992e-07     2.477573155792 115392226744.009
124Sn50+       1996191.0182652946            2.5955e-07     2.477560616603 115391642735.003
124Te50+       1996209.8299089354            7.8277e-09     2.477510132913 115389291472.308
62Mn25+        1996262.3949558972            4.1177e-08     2.477369067222 57691360690.032
119Cd48+       1996495.5732461144            6.4148e-07     2.476743300511 110739433423.804
119In48+       1996526.8063737901            2.5645e-07     2.476659482023 110735685755.723
114Pd46+       1996859.3706800295            6.2236e-07     2.475766998971 106083457089.134
114Ag46+       1996872.1029172877            3.1096e-07     2.475732830223 106081993001.878
57V23+         1996906.8990492506            5.7866e-08     2.475639449912 53038995887.364
109Ru44+       1997235.6369341121            5.4463e-07     2.474757235599 101429746972.797
109Rh44+       1997274.5694360831            3.1698e-07     2.474652754759 101425464748.643
104Mo42+       1997670.1807451178            4.0191e-07     2.473591076213 96773680568.695
52Sc21+        1997677.5325279278            8.7855e-08     2.473571346671 48386454347.390
104Tc42+       1997690.8926235458            2.6456e-07     2.473535492977 96771505999.735
99Zr40+        1998124.8446874509            8.8082e-08     2.472370921628 92119947398.289
99Nb40+        1998172.2090990730            2.2117e-07     2.472243812573 92115211345.396
47K19+         1998591.4408986703            1.4562e-07     2.471118745122 43734813510.988
94Sr38+        1998669.0059494425            6.9545e-08     2.470910588407 87462258946.199
94Y38+         1998706.0750646566            4.1155e-08     2.470811108227 87458737668.933
136Cs55+       1998822.9057871806            1.5058e-09     2.470497576564 126568952139.655
136Ba55+       1998841.6950355638            1.0323e-10     2.470447152976 126566368829.786
89Kr36+        1999234.2953858518            5.7740e-08     2.469393554762 82808110280.834
131I53+        1999238.5078686613            1.6445e-08     2.469382249972 121911382027.454
131Cs53+       1999243.6359242853            2.9700e-11     2.469368488114 121910702615.783
131Xe53+       1999246.0794535277            2.5962e-09     2.469361930560 121910378874.699
89Rb36+        1999291.9710107816            2.6505e-08     2.469238774117 82802919900.105
42Cl17+        1999577.5698581187            2.4132e-07     2.468472329473 39089241885.711
126Sb51+       1999669.8072758527            7.6184e-08     2.468224797400 117255966350.417
126I51+        1999682.1891453604            5.2785e-10     2.468191568913 117254387791.467
126Te51+       1999698.8347683479            2.0582e-08     2.468146898044 117252265648.513
84Se34+        1999886.3390739996            5.1591e-08     2.467643703889 78152240539.531
84Br34+        1999908.0762161149            1.7495e-08     2.467585369214 78150393033.913
121In49+       2000140.3159191555            2.2695e-07     2.466962121333 112600060576.206
121Sn49+       2000167.9850525316            7.5241e-08     2.466887867325 112596671385.219
79Ge32+        2000546.9662793386            5.1316e-08     2.465870817942 73502204075.514
79As32+        2000598.4645769526            1.2180e-08     2.465732615023 73498084549.430
116Ag47+       2000627.5951583958            7.6309e-07     2.465654439014 107946889119.243
116Cd47+       2000680.3194303489            1.8492e-07     2.465512946021 107940694525.131
37P15+         2000961.1810193842            4.8231e-07     2.464759214476 34438626380.964
111Rh45+       2001185.3211456656            8.2462e-07     2.464157702947 103290665445.744
111Pd45+       2001218.2529748566            2.7131e-07     2.464069325755 103286960918.663
74Zn30+        2001331.0043287051            5.5345e-08     2.463766741652 68849518287.444
74Ga30+        2001361.7018063106            8.7161e-09     2.463684360656 68847216165.355
106Tc43+       2001773.6270028090            8.4508e-07     2.462578901502 98636731508.390
106Ru43+       2001834.7238630694            2.9434e-07     2.462414939491 98630164134.315
69Ni28+        2002198.3546723966            7.7865e-08     2.461439085111 64198840854.617
69Cu28+        2002280.7255165612            6.6628e-09     2.461218031375 64193075368.189
101Nb41+       2002435.3491409188            7.9937e-07     2.460803077149 93981155595.420
101Mo41+       2002480.6875920491            3.1555e-07     2.460681405043 93976508785.132
133Xe54+       2002482.6968535036            5.3983e-10     2.460676012908 123773667171.869
133Cs54+       2002486.1122529863            2.0325e-11     2.460666847203 123773206130.736
32Al13+        2002707.0847031625            1.3547e-06     2.460073836579 29790072311.850
128I52+        2003039.5215787962            8.1068e-10     2.459181695504 119117075996.254
128Te52+       2003048.9438191166            8.5476e-09     2.459156409598 119115851205.422
128Xe52+       2003056.1026281377            3.8775e-12     2.459137197928 119114920636.539
96Y39+         2003168.2472143779            1.7862e-07     2.458836242170 89325257276.566
64Fe26+        2003210.9631826200            9.8751e-08     2.458721607867 59547395207.381
96Zr39+        2003241.3333334173            2.9776e-07     2.458640105299 89318131964.104
123Sn50+       2003640.2465865428            4.4452e-08     2.457569565523 114460565525.968
123Te50+       2003651.5666530754            1.2950e-10     2.457539186533 114459150633.647
123Sb50+       2003651.7403726021            7.8521e-09     2.457538720332 114459128920.486
91Rb37+        2003980.1151828398            1.5153e-07     2.456657480381 84669383221.170
91Sr37+        2004044.1370430747            2.1387e-07     2.456485668722 84663461684.555
118Cd48+       2004281.3674156698            1.6641e-07     2.455849027678 109805214712.124
118In48+       2004285.9717674130            3.6406e-08     2.455836671253 109804662235.208
59Cr24+        2004361.5834998079            1.4018e-07     2.455633756543 54897794785.556
86Br35+        2004867.2964076344            1.3655e-07     2.454276604884 80015037810.209
86Kr35+        2004954.6904730999            4.4106e-08     2.454042070627 80007391456.340
113Pd46+       2004960.8535337118            8.5332e-07     2.454025531188 105151862934.462
113Ag46+       2004990.9425146384            1.1010e-07     2.453944783179 105148402985.307
27Na11+        2005172.0348178828            3.1480e-06     2.453458796533 25139203692.472
108Ru44+       2005731.0328912861            1.0796e-06     2.451958646644 100495330022.426
108Rh44+       2005743.6810252410            1.8369e-07     2.451924703600 100493938841.742
54Ti22+        2005802.8837975042            2.0758e-07     2.451765824640 50243713535.319
81As33+        2005850.0507185902            1.3139e-07     2.451639245579 75361679350.975
81Se33+        2005896.9282007245            3.1444e-08     2.451513443267 75357812275.728
130I53+        2006265.4043678748            9.8629e-11     2.450524585689 120980394565.072
103Mo42+       2006548.0950472071            1.2336e-06     2.449765945523 95841575982.323
103Tc42+       2006583.0401586068            2.6432e-07     2.449672165405 95837907046.411
76Ga31+        2006919.1119959205            1.3883e-07     2.448770269400 70711459387.659
125Sb51+       2006990.8463190612            3.0958e-09     2.448577760263 116322610390.344
125Te51+       2006997.0928756103            1.7955e-10     2.448560996750 116321814019.672
76Ge31+        2007008.4890888627            2.3153e-08     2.448530413411 70704533230.772
98Zr40+        2007477.2022384589            1.3914e-06     2.447272555803 91184788308.949
49Ca20+        2007490.9940135276            3.3361e-07     2.447235543636 45591704622.250
98Nb40+        2007499.8064319657            3.4070e-07     2.447211894273 91182528074.895
120In49+       2007744.0996434188            2.5527e-08     2.446556299108 111668673426.515
120Sn49+       2007788.1616927974            2.5462e-09     2.446438052406 111663276267.933
71Cu29+        2008172.1901856654            1.9207e-07     2.445407457976 66058589028.249
71Zn29+        2008236.0051194662            1.7258e-08     2.445236201633 66053962824.811
93Sr38+        2008488.0648165315            1.2378e-06     2.444559764013 86529524820.783
93Y38+         2008531.8245779914            3.6304e-07     2.444442328543 86525367984.228
115Ag47+       2008576.6206007367            8.9944e-08     2.444322112120 107012955195.087
115Cd47+       2008603.2326777969            1.4806e-08     2.444250694872 107009828532.361
22F9+          2008611.1719453235            7.3941e-06     2.444229388732 20491065142.640
44Ar18+        2009461.2647796571            5.3295e-07     2.441948045143 40943879243.613
110Rh45+       2009470.6120970934            8.2034e-07     2.441922960303 102358646622.025
110Pd45+       2009519.7247736095            4.6028e-08     2.441791159533 102353121898.842
66Co27+        2009570.6420875967            2.4412e-07     2.441654515765 61408436502.352
88Kr36+        2009620.1412460834            3.3503e-07     2.441521677817 81873460777.396
88Rb36+        2009652.7159765786            3.2809e-07     2.441434258950 81870529291.979
105Tc43+       2010462.7490835693            1.1880e-06     2.439260421269 97702727455.777
105Ru43+       2010496.8785241949            1.1782e-07     2.439168830119 97699058841.668
83Se34+        2010838.8464853831            3.2660e-07     2.438251111036 77221353725.076
83Br34+        2010882.2067456862            7.0533e-08     2.438134747684 77217668405.079
122Sb50+       2011097.1932478221            3.7343e-11     2.437557801192 113528523603.518
122Sn50+       2011109.8130787492            9.1165e-10     2.437523934103 113526946253.966
61Mn25+        2011219.0157071643            3.3880e-07     2.437230873502 56756648522.199
100Nb41+       2011532.6193785372            1.7627e-06     2.436389273978 93048761835.119
100Mo41+       2011595.2599179142            2.2657e-07     2.436221169287 93042341706.164
39S16+         2011901.9910424361            1.0197e-06     2.435398013208 36296938280.267
117Cd48+       2012042.0931896581            9.9653e-09     2.435022029407 108874003961.315
117In48+       2012063.3498197442            6.7142e-10     2.434964984253 108871453374.806
78Ge32+        2012220.7842445415            3.4534e-07     2.434542486849 72568375195.006
78As32+        2012232.8544435126            5.5253e-08     2.434510094773 72567409658.244
95Y39+         2012752.3349564385            2.2717e-06     2.433115995811 88390885322.945
95Zr39+        2012798.1688777267            3.3172e-07     2.432992994042 88386416881.949
112Pd46+       2013085.2111949779            4.8478e-08     2.432222675644 104217638392.561
112Ag46+       2013087.7010833649            4.5728e-09     2.432215993679 104217352078.869
56V23+         2013138.5312019794            4.8849e-07     2.432079583912 52105753547.204
73Zn30+        2013749.7649243567            4.6238e-07     2.430439252318 67918187594.673
73Ga30+        2013804.6380814086            4.2388e-08     2.430291992490 67914072445.260
90Rb37+        2014068.6667967369            2.4025e-06     2.429583434327 83736268695.028
90Sr37+        2014140.0240736799            3.9416e-07     2.429391937046 83729668687.990
17N7+          2014200.3446890791            2.0563e-05     2.429230058197 15839692605.924
107Ru44+       2014201.6833076586            1.8069e-07     2.429226465826 99563634858.407
107Rh44+       2014229.1635069724            1.7052e-08     2.429152718850 99560612284.278
34Si14+        2015221.1976875947            2.8083e-06     2.426490455710 31643658285.848
119In49+       2015364.8461461915            1.4693e-10     2.426104954884 110735208506.795
102Mo42+       2015445.0199501486            1.3339e-06     2.425889797213 94907475446.493
102Tc42+       2015454.8436429917            6.1966e-08     2.425863433953 94906444043.300
51Sc21+        2015473.6731629369            7.5823e-07     2.425812902290 47452233552.889
85Br35+        2015547.4544220383            7.2841e-07     2.425614899912 79080600590.528
68Ni28+        2015556.2949508198            5.7483e-07     2.425591175111 63263861686.137
85Kr35+        2015580.8034664842            4.1907e-07     2.425525403065 79077682788.345
68Cu28+        2015586.4565991408            3.3713e-08     2.425510232089 63261750543.829
114Ag47+       2016504.4383639996            2.7749e-09     2.423046699014 106081512968.950
114Cd47+       2016547.9218701753            1.1214e-10     2.422930004914 106076404075.809
97Zr40+        2016809.4566220390            2.3644e-06     2.422228139653 90251639371.555
97Nb40+        2016836.2936570344            1.6001e-07     2.422156118698 90248955888.052
80As33+        2017137.9492510296            7.9157e-07     2.421346583518 74430504061.211
80Se33+        2017205.3033273495            3.5912e-07     2.421165829389 74424947805.425
63Fe26+        2017553.0631686577            7.9107e-07     2.420232566982 58615235128.185
109Rh45+       2017770.5330174982            1.9658e-08     2.419648956080 101424982061.715
109Pd45+       2017793.9104374223            9.1712e-10     2.419586219489 101422352317.564
46K19+         2018197.1733440817            1.2828e-06     2.418504006806 42803617560.687
92Sr38+        2018323.3503156137            3.3493e-06     2.418165393171 85595249291.695
92Y38+         2018344.0325295073            2.8734e-07     2.418109889543 85593284642.440
75Ga31+        2018967.2995568814            9.8922e-07     2.416437264884 69777801394.382
75Ge31+        2019011.2546610301            8.8115e-08     2.416319305185 69774395153.059
104Tc43+       2019130.4983923601            8.1594e-08     2.415999297874 96771020787.807
104Ru43+       2019182.7554124198            5.1112e-09     2.415859058816 96765403618.655
29Mg12+        2019439.8273207168            5.9746e-06     2.415169170223 26996587159.229
58Cr24+        2019952.3595335155            1.1323e-06     2.413793718001 53962424906.574
87Kr36+        2019982.2377548714            4.6286e-06     2.413713535595 80940948540.373
87Rb36+        2020025.5973893711            3.7777e-07     2.413597173922 80937046493.163
99Nb41+        2020645.9332664418            4.1579e-07     2.411932415417 92114723735.468
99Mo41+        2020681.5762785485            2.8078e-08     2.411836762385 92111070626.214
70Cu29+        2021025.0954966666            1.2562e-06     2.410914880286 65126829780.237
70Zn29+        2021116.0949387182            7.3662e-08     2.410670670495 65120232861.514
111Pd46+       2021182.9084788114            6.1327e-10     2.410491366971 103286479542.735
111Ag46+       2021202.5029874220            1.6362e-11     2.410438782353 103284226358.964
41Cl17+        2021555.1226240790            2.4493e-06     2.409492478002 38155272461.387
82Br34+        2021824.0326177995            4.3507e-07     2.408770820243 76287689447.034
82Se34+        2021825.0100655539            4.5316e-06     2.408768197125 76287606370.786
94Y39+         2022318.6323510944            1.1335e-06     2.407443492350 87458247786.005
94Zr39+        2022369.2446837572            1.0518e-07     2.407307667042 87453313488.092
106Ru44+       2022692.8765444013            5.6660e-09     2.406439155463 98629680169.387
106Rh44+       2022693.4296175507            1.9876e-10     2.406437671213 98629619336.328
53Ti22+        2022761.2125509346            1.7162e-06     2.406255766186 49311081912.435
65Co27+        2023412.8237115294            1.6996e-06     2.404507076062 60474165835.662
77Ge32+        2023857.2983244325            5.7312e-06     2.403314265974 71637530380.684
77As32+        2023891.2272165585            4.8109e-07     2.403223213023 71634816291.819
89Rb37+        2024165.0709647126            2.3522e-06     2.402488314840 82802427867.177
89Sr37+        2024213.8453746517            2.0145e-07     2.402357421857 82797916604.098
12B5+          2024227.0106161328            4.0853e-05     2.402322091081 11188743097.174
101Mo42+       2024316.7289999146            4.1704e-08     2.402081319190 93976022358.204
101Tc42+       2024343.8168298453            1.7536e-09     2.402008625191 93973178369.216
24Ne10+        2025534.6485920271            1.3308e-05     2.398812860803 22344797924.785
36P15+         2025836.5277435763            4.7834e-06     2.398002725676 33505877346.987
60Mn25+        2026143.7562424063            2.5016e-06     2.397178234822 55823928704.531
96Zr40+        2026150.1840200559            2.3094e-07     2.397160984978 89317643202.176
96Nb40+        2026151.9976683070            1.1817e-08     2.397156117798 89317461852.218
48Ca20+        2026180.9034441155            3.2090e-06     2.397078545086 44657285755.796
84Br35+        2026184.9163520194            4.0471e-06     2.397067775884 78149898971.985
72Zn30+        2026204.7337225301            2.2527e-06     2.397014593185 66984141509.324
72Ga30+        2026210.7609686113            1.2117e-07     2.396998418223 66983689502.924
84Kr35+        2026238.2828945008            2.8825e-07     2.396924559267 78145229782.305
103Tc43+       2027815.8517986992            1.3031e-09     2.392690931409 95837421834.483
103Ru43+       2027840.8177759112            2.8821e-11     2.392623931700 95834738211.940
91Sr38+        2028137.6135859282            8.7793e-07     2.391827438434 84662970710.627
91Y38+         2028166.1937906828            4.2884e-08     2.391750739438 84660255813.746
79As33+        2028446.9427484190            7.4504e-06     2.390997310154 73497588579.502
79Se33+        2028474.7360009609            4.1290e-07     2.390922723055 73495295824.131
67Ni28+        2028868.4271727900            3.6181e-06     2.389866197468 62332088818.752
67Cu28+        2028919.6426175057            1.0798e-07     2.389728753625 62328504031.508
55V23+         2029390.9197793761            4.2390e-06     2.388464015130 51171317810.463
98Nb41+        2029746.0282253616            1.8009e-08     2.387511031710 91182040464.967
98Mo41+        2029791.0047364102            4.9972e-10     2.387390330921 91177430750.496
43Ar18+        2030148.0839807447            5.0832e-06     2.386432058587 40013048690.465
86Rb36+        2030355.8131380968            1.1151e-07     2.385874588200 80007403289.338
86Kr36+        2030361.4235527364            2.1799e-06     2.385859531864 80006898393.412
74Ga31+        2030982.2585317215            1.1894e-05     2.384193433948 68846718405.427
74Ge31+        2031051.7188425288            4.5616e-07     2.384007027443 68841335672.624
31Al13+        2031489.3008116982            1.1430e-05     2.382832714733 28854726969.352
93Y39+         2031892.4395692160            1.0807e-07     2.381750835222 86524878101.300
93Zr39+        2031922.3016162280            3.3511e-09     2.381670696222 86521966790.390
62Fe26+        2031934.8025630575            5.3183e-06     2.381637148174 57680498698.659
81Se34+        2032770.4852714252            4.4616e-06     2.379394476183 75357317244.800
81Br34+        2032789.3123849856            1.9031e-07     2.379343950978 75355717071.332
50Sc21+        2033242.3824929951            6.6445e-06     2.378128073671 46519452783.843
69Cu29+        2033912.4118349156            1.6903e-05     2.376329955769 64192575937.261
69Zn29+        2033949.5215887553            4.4931e-07     2.376230366530 64189885700.657
88Rb37+        2034245.7957962991            4.9846e-07     2.375435273057 81870037259.051
88Sr37+        2034303.3925200340            1.6186e-08     2.375280704154 81864709998.843
19O8+          2034445.6487638473            3.5099e-05     2.374898939532 17697632945.940
38S16+         2035283.7214002798            9.5024e-06     2.372649853833 35361745734.456
95Zr40+        2035468.0986757576            4.7533e-09     2.372155051503 88385928120.021
95Nb40+        2035479.5367221572            8.1872e-11     2.372124355898 88384784409.144
57Cr24+        2035487.4193372126            7.7990e-06     2.372103201793 53030397727.354
76As32+        2035515.5432674775            2.7027e-07     2.372027727273 70704947239.820
76Ge32+        2035526.9303131227            7.7054e-06     2.371997168536 70704036350.844
83Br35+        2036845.5002950320            1.5536e-06     2.368458600684 77217174343.151
83Kr35+        2036856.8139314170            4.4762e-08     2.368428238951 77216184481.117
64Co27+        2037222.8630249442            7.5415e-06     2.367445894765 59542064597.079
45K19+         2037834.4823967328            1.0140e-05     2.365804528227 41870921844.495
90Sr38+        2037967.8193788861            3.9748e-08     2.365446699697 83729177714.062
90Y38+         2037973.7303286572            7.6281e-10     2.365430836832 83728616219.865
71Zn30+        2038614.7816262150            1.4114e-05     2.363710485585 66053464214.883
71Ga30+        2038652.3787983789            3.4577e-07     2.363609588290 66050644658.123
26Na11+        2039096.1609106937            2.5079e-05     2.362418636624 24206366700.311
78As33+        2039728.7753462957            3.6539e-06     2.360720926882 72566913688.316
52Ti22+        2039746.0642814271            1.1906e-05     2.360674529595 48376991645.394
78Se33+        2039779.9353195142            9.1679e-08     2.360583631904 72562693336.516
85Kr36+        2040692.3667407492            1.9203e-07     2.358134993956 79077189725.417
85Rb36+        2040700.1537807046            3.5668e-09     2.358114096340 79076488949.272
59Mn25+        2041089.8035954752            1.1407e-05     2.357068416302 54889877319.913
92Y39+         2041453.0524450515            6.7894e-10     2.356093586965 85592794759.512
92Zr39+        2041490.5833990851            8.2868e-12     2.355992867376 85589135791.462
33Si14+        2041852.4278025697            2.1303e-05     2.355021807067 30711641639.962
66Ni28+        2042208.9151457839            2.3326e-05     2.354065123182 61398331211.507
66Cu28+        2042212.6285664903            3.7343e-07     2.354055157696 61398071293.366
73Ga31+        2043023.8097656874            7.6936e-06     2.351878238948 67913574685.332
73Ge31+        2043044.5610987558            1.3339e-07     2.351822549830 67911966588.853
40Cl17+        2043480.3229766020            1.8027e-05     2.350653121591 37223527832.242
80Br34+        2043724.3967563403            1.2252e-08     2.349998115302 74426311093.878
80Se34+        2043746.2611296203            6.9233e-07     2.349939439183 74424452774.497
87Rb37+        2044338.3290627999            8.7861e-09     2.348350541678 80936554460.235
87Sr37+        2044341.5391722396            9.9419e-11     2.348341926898 80936257549.453
47Ca20+        2044774.7036728179            1.9339e-05     2.347179469086 43727671955.510
54V23+         2045605.5904334919            1.7211e-05     2.344949667695 50239050676.524
61Fe26+        2046267.3074459683            1.0963e-05     2.343173857097 56748962250.041
68Cu29+        2046759.3246043022            1.2367e-05     2.341853459907 63261251112.901
68Zn29+        2046820.6904974282            1.6105e-07     2.341688775909 63256802450.358
75Ge32+        2047154.6094611597            2.1384e-06     2.340792657442 69773898273.131
75As32+        2047169.4588605871            2.7254e-08     2.340752806992 69772710418.559
82Br35+        2047474.7025707993            5.7336e-08     2.339933642598 76287195385.106
82Kr35+        2047510.2032800384            5.5968e-10     2.339838371456 76284089327.687
7Li3+          2048150.7762898216            5.6404e-04     2.338119303761 6533832324.345 
14C6+          2049937.1688025652            6.9795e-05     2.333325268402 13040870957.587
21F9+          2050140.5755788637            5.2735e-05     2.332779397732 19556730159.084
28Mg12+        2050639.1044396211            4.2654e-05     2.331441525473 26060685572.293
35P15+         2050801.2613274611            3.5650e-05     2.331006354676 32569776580.552
42Ar18+        2050903.2713588267            3.0083e-05     2.330732596420 39079141821.552
84Rb36+        2051024.1738312929            5.3190e-12     2.330408137644 78147403312.568
49Sc21+        2051025.1607891170            2.6375e-05     2.330405489004 45585933454.627
77As33+        2051033.8640959156            2.0811e-07     2.330382132457 71634320321.891
77Se33+        2051042.2833722509            1.7090e-09     2.330359538146 71633625788.532
63Co27+        2051054.4133470254            2.2630e-05     2.330326985654 58608511484.438
70Ga30+        2051056.9293438524            4.0871e-08     2.330320233623 65120379631.749
56Cr24+        2051059.5982764107            1.7092e-05     2.330313071168 52096143582.573
70Zn30+        2051065.5351181582            4.7228e-06     2.330297138818 65119734251.586
79Se34+        2054684.2399010665            9.9787e-09     2.320585835978 73494800793.203
79Br34+        2054686.1546943523            5.4822e-11     2.320580697361 73494638049.116
72Ga31+        2055029.7351403995            6.7832e-07     2.319658650948 66983191742.996
72Ge31+        2055081.4494924748            3.4957e-09     2.319519868217 66979184209.254
65Ni28+        2055504.4837006067            8.1786e-06     2.318384596468 60467717705.775
65Cu28+        2055535.1405318102            5.2254e-08     2.318302324553 60465571903.507
58Mn25+        2055999.7657133110            3.9919e-05     2.317055437582 53958081077.617
51Ti22+        2056688.3489371690            2.5415e-05     2.315207527731 47445242375.546
44K19+         2057428.9277198382            3.7506e-05     2.313220080490 40940261988.554
81Br35+        2058126.6886303516            1.0574e-10     2.311347541027 75355223009.404
37S16+         2058573.8609240446            5.0463e-05     2.310147491333 34430216521.683
74As32+        2058786.9094940790            1.7650e-10     2.309575745555 68843390554.931
74Ge32+        2058818.8091369867            3.9330e-08     2.309490138380 68840838792.696
67Cu29+        2059632.7455875520            1.4744e-06     2.307305825528 62328004600.580
67Zn29+        2059640.5996759541            6.4615e-09     2.307284747978 62327435225.849
30Al13+        2060181.1115703587            5.9569e-05     2.305834208348 27922319559.868
60Fe26+        2060637.5111758420            1.3565e-05     2.304609395867 55814975577.242
53V23+         2061840.7893018380            5.5853e-05     2.301380229912 49305603267.028
76As33+        2062305.9281452917            1.0501e-09     2.300131964457 70704451269.892
23Ne10+        2062765.5567869877            7.8103e-05     2.298898486403 21414101519.813
46Ca20+        2063422.0112167168            3.5814e-05     2.297136798686 42795383008.776
69Zn30+        2063471.1808798609            1.0899e-07     2.297004844985 64189387090.729
69Ga30+        2063483.4369532063            3.1838e-10     2.296971954090 64188467960.580
62Co27+        2064849.1271134014            2.8457e-06     2.293306932617 57677444635.480
39Cl17+        2065452.3924097819            5.5391e-05     2.291687985414 36289791430.458
55Cr24+        2066582.8574280022            1.6279e-05     2.288654223668 51164824384.438
71Ge31+        2067067.1384662639            1.3295e-12     2.287354587443 66050369459.427
71Ga31+        2067070.0104595295            3.4518e-09     2.287346880045 66050146898.195
16N7+          2067557.8714088784            9.8423e-05     2.286037636626 14906012432.844
32Si14+        2068570.5426910184            6.1202e-05     2.283319990924 29776584276.286
48Sc21+        2068730.1481331233            6.7737e-05     2.282891667290 44656497815.609
64Cu28+        2068817.0113691045            4.4730e-10     2.282658557589 59535917159.402
64Ni28+        2068840.8232177477            2.0721e-07     2.282594655147 59534250466.635
57Mn25+        2070931.4331375142            4.1998e-06     2.276984209622 53024928364.878
41Ar18+        2071574.7177650074            4.1979e-05     2.275257864920 38149002987.466
66Cu29+        2072467.3527107092            9.9017e-09     2.272862353597 61397571862.438
66Zn29+        2072503.9004128103            9.1566e-12     2.272764272702 61394922371.245
25Na11+        2073062.2556374515            8.7030e-05     2.271265847988 23272375665.326
50Ti22+        2073656.8836367934            1.9207e-05     2.269670080186 46512049471.636
59Fe26+        2074957.8510252873            3.3515e-07     2.266178751367 54884229790.979
34P15+         2075634.8942434173            4.0912e-05     2.264361810742 31638591686.153
43K19+         2077057.6504393816            7.6012e-05     2.260543644543 40007974089.751
52V23+         2078034.9056739551            4.7271e-06     2.257921042782 48374517907.421
61Co27+        2078672.0051502085            1.7127e-08     2.256211296802 56744476854.109
9Be4+          2080055.9478387334            2.3375e-04     2.252497292105 8392750871.171 
18O8+          2081229.9676595929            8.7976e-05     2.249346644924 16762023270.725
27Mg12+        2081677.0038227118            6.8272e-05     2.248146960556 25129624920.565
36S16+         2081957.3206956969            6.2999e-05     2.247394690833 33494954804.990
45Ca20+        2082006.8671774808            2.0983e-05     2.247261725886 41866216385.227
54Cr24+        2082139.4503099585            3.5952e-07     2.246905920418 50231505326.432
56Mn25+        2085827.3644641526            1.8236e-08     2.237008884502 52094008975.147
47Sc21+        2086471.1598000824            3.8214e-06     2.235281169242 43725171054.674
38Cl17+        2087371.6457047556            1.5391e-05     2.232864588767 35358299530.540
29Al13+        2088916.9332674835            3.2401e-05     2.228717592425 26988481912.138
49Ti22+        2090542.3795935505            2.9390e-07     2.224355478776 45583423324.194
20F9+          2091542.3632635381            5.1254e-05     2.221671882065 18625266298.998
40Ar18+        2092320.1159731217            1.4898e-05     2.219584673367 37215536595.091
51V23+         2094249.3492031144            1.3573e-08     2.214407304869 47442263832.097
31Si14+        2095154.5890596539            3.8793e-05     2.211977966496 28846218926.146
42K19+         2096636.9531155797            2.0735e-06     2.207999834227 39078033450.575
11B5+          2099128.8060511039            7.6466e-05     2.201312596681 10252547404.979
22Ne10+        2100143.2077348670            4.3091e-05     2.198590307203 20479736846.749
33P15+         2100524.4719346468            6.1814e-06     2.197567131142 30705309034.659
44Ca20+        2100651.4055911992            1.1909e-07     2.197226486836 40934065883.652
35S16+         2105201.1278918404            7.0356e-07     2.185016667646 32565278733.398
24Na11+        2106903.3602807284            4.5888e-05     2.180448487806 22341821575.871
37Cl17+        2109337.1507451427            3.5794e-08     2.173917069061 34424842092.580
13C6+          2112034.8516645827            5.1258e-05     2.166677409522 12109482071.330
26Mg12+        2112783.6188171408            9.2982e-06     2.164667987640 24196502969.484
28Al13+        2117538.8783123610            1.1156e-06     2.151906580502 26058344952.218
15N7+          2121109.4881919948            1.1089e-05     2.142324347093 13968935962.089
30Si14+        2121813.2866067658            6.1312e-08     2.140435605138 27913240998.942
32P15+         2125312.1446465286            2.4964e-09     2.131045927876 29775847506.629
17O8+          2127809.7835391858            8.8498e-06     2.124343162901 15830503320.551
19F9+          2133010.8285705098            8.6983e-07     2.110385427628 17692302315.394
21Ne10+        2137314.2973371791            5.5601e-07     2.098836464403 19550535784.003
23Na11+        2140819.0843218989            2.7484e-08     2.089430875983 21409215621.189
2H1+           2169093.2373072435            2.7425e-03     2.013553212929 1875612741.155 
6Li3+          2172469.5308143706            4.2667e-06     2.004492454814 5601518097.945 
10B5+          2173383.7810281436            6.0378e-08     2.002038935881 9324436305.722 
4He2+          2173862.9235729710            1.6842e-04     2.000753089526 3727379005.953 
12C6+          2174347.8938500220            2.7770e-08     1.999451603632 11174863060.032
